"LOCATION","INDICATOR","SUBJECT","MEASURE","FREQUENCY","TIME","Value","Flag Codes"
"AUS","HRWKD","TOT","HR_WKD","A","1985",1876,
"AUS","HRWKD","TOT","HR_WKD","A","1986",1877,
"AUS","HRWKD","TOT","HR_WKD","A","1987",1889,
"AUS","HRWKD","TOT","HR_WKD","A","1988",1885,
"AUS","HRWKD","TOT","HR_WKD","A","1989",1875,
"AUS","HRWKD","TOT","HR_WKD","A","1990",1853,
"AUS","HRWKD","TOT","HR_WKD","A","1991",1854.03811915011,
"AUS","HRWKD","TOT","HR_WKD","A","1992",1845.6043379902,
"AUS","HRWKD","TOT","HR_WKD","A","1993",1855.74418600485,
"AUS","HRWKD","TOT","HR_WKD","A","1994",1874.22702595268,
"AUS","HRWKD","TOT","HR_WKD","A","1995",1870.3078803203,
"AUS","HRWKD","TOT","HR_WKD","A","1996",1861.51681141638,
"AUS","HRWKD","TOT","HR_WKD","A","1997",1860.84842865841,
"AUS","HRWKD","TOT","HR_WKD","A","1998",1849.88192272734,
"AUS","HRWKD","TOT","HR_WKD","A","1999",1856.07991967208,
"AUS","HRWKD","TOT","HR_WKD","A","2000",1852.16221330258,
"AUS","HRWKD","TOT","HR_WKD","A","2001",1828.68534985625,
"AUS","HRWKD","TOT","HR_WKD","A","2002",1817.95614415663,
"AUS","HRWKD","TOT","HR_WKD","A","2003",1806.50344082021,
"AUS","HRWKD","TOT","HR_WKD","A","2004",1811.39604830845,
"AUS","HRWKD","TOT","HR_WKD","A","2005",1807.90422039924,
"AUS","HRWKD","TOT","HR_WKD","A","2006",1802.43110605435,
"AUS","HRWKD","TOT","HR_WKD","A","2007",1803.09856548217,
"AUS","HRWKD","TOT","HR_WKD","A","2008",1799.05290058731,
"AUS","HRWKD","TOT","HR_WKD","A","2009",1766.65426717138,
"AUS","HRWKD","TOT","HR_WKD","A","2010",1777.57063811043,
"AUS","HRWKD","TOT","HR_WKD","A","2011",1773.8951196348,
"AUS","HRWKD","TOT","HR_WKD","A","2012",1770.77504879768,
"AUS","HRWKD","TOT","HR_WKD","A","2013",1766.00918545794,
"AUS","HRWKD","TOT","HR_WKD","A","2014",1755.13274869288,
"AUS","HRWKD","TOT","HR_WKD","A","2015",1751.30537336357,
"AUS","HRWKD","TOT","HR_WKD","A","2016",1738.71539952934,
"AUS","HRWKD","TOT","HR_WKD","A","2017",1738.4942536067,
"AUS","HRWKD","TOT","HR_WKD","A","2018",1732.53874302482,
"AUS","HRWKD","TOT","HR_WKD","A","2019",1722.31334232542,
"AUS","HRWKD","TOT","HR_WKD","A","2020",1683.11193199766,
"AUS","HRWKD","TOT","HR_WKD","A","2021",1694.12905338561,
"AUT","HRWKD","TOT","HR_WKD","A","1995",1653,
"AUT","HRWKD","TOT","HR_WKD","A","1996",1683,
"AUT","HRWKD","TOT","HR_WKD","A","1997",1691,
"AUT","HRWKD","TOT","HR_WKD","A","1998",1671,
"AUT","HRWKD","TOT","HR_WKD","A","1999",1675,
"AUT","HRWKD","TOT","HR_WKD","A","2000",1675,
"AUT","HRWKD","TOT","HR_WKD","A","2001",1663,
"AUT","HRWKD","TOT","HR_WKD","A","2002",1661,
"AUT","HRWKD","TOT","HR_WKD","A","2003",1652,
"AUT","HRWKD","TOT","HR_WKD","A","2004",1655,
"AUT","HRWKD","TOT","HR_WKD","A","2005",1632,
"AUT","HRWKD","TOT","HR_WKD","A","2006",1617,
"AUT","HRWKD","TOT","HR_WKD","A","2007",1606,
"AUT","HRWKD","TOT","HR_WKD","A","2008",1599,
"AUT","HRWKD","TOT","HR_WKD","A","2009",1558,
"AUT","HRWKD","TOT","HR_WKD","A","2010",1552,
"AUT","HRWKD","TOT","HR_WKD","A","2011",1557,
"AUT","HRWKD","TOT","HR_WKD","A","2012",1535,
"AUT","HRWKD","TOT","HR_WKD","A","2013",1520,
"AUT","HRWKD","TOT","HR_WKD","A","2014",1510,
"AUT","HRWKD","TOT","HR_WKD","A","2015",1495,
"AUT","HRWKD","TOT","HR_WKD","A","2016",1507,
"AUT","HRWKD","TOT","HR_WKD","A","2017",1498,
"AUT","HRWKD","TOT","HR_WKD","A","2018",1502,
"AUT","HRWKD","TOT","HR_WKD","A","2019",1508.64347667649,
"AUT","HRWKD","TOT","HR_WKD","A","2020",1400.69358244345,
"AUT","HRWKD","TOT","HR_WKD","A","2021",1442.45375748537,
"BEL","HRWKD","TOT","HR_WKD","A","1970",1883.2,
"BEL","HRWKD","TOT","HR_WKD","A","1971",1873.4,
"BEL","HRWKD","TOT","HR_WKD","A","1972",1847.5,
"BEL","HRWKD","TOT","HR_WKD","A","1973",1820.1,
"BEL","HRWKD","TOT","HR_WKD","A","1974",1791.9,
"BEL","HRWKD","TOT","HR_WKD","A","1975",1782.7,
"BEL","HRWKD","TOT","HR_WKD","A","1976",1785.5,
"BEL","HRWKD","TOT","HR_WKD","A","1977",1759.8,
"BEL","HRWKD","TOT","HR_WKD","A","1978",1743,
"BEL","HRWKD","TOT","HR_WKD","A","1979",1726.6,
"BEL","HRWKD","TOT","HR_WKD","A","1980",1706.5,
"BEL","HRWKD","TOT","HR_WKD","A","1981",1683.4,
"BEL","HRWKD","TOT","HR_WKD","A","1982",1669,
"BEL","HRWKD","TOT","HR_WKD","A","1983",1674.9,
"BEL","HRWKD","TOT","HR_WKD","A","1984",1699,
"BEL","HRWKD","TOT","HR_WKD","A","1985",1705,
"BEL","HRWKD","TOT","HR_WKD","A","1986",1685,
"BEL","HRWKD","TOT","HR_WKD","A","1987",1669.9,
"BEL","HRWKD","TOT","HR_WKD","A","1988",1657.9,
"BEL","HRWKD","TOT","HR_WKD","A","1989",1648.9,
"BEL","HRWKD","TOT","HR_WKD","A","1990",1662.9,
"BEL","HRWKD","TOT","HR_WKD","A","1991",1625.8,
"BEL","HRWKD","TOT","HR_WKD","A","1992",1602.7,
"BEL","HRWKD","TOT","HR_WKD","A","1993",1558.6,
"BEL","HRWKD","TOT","HR_WKD","A","1994",1558.6,
"BEL","HRWKD","TOT","HR_WKD","A","1995",1578,
"BEL","HRWKD","TOT","HR_WKD","A","1996",1575,
"BEL","HRWKD","TOT","HR_WKD","A","1997",1582,
"BEL","HRWKD","TOT","HR_WKD","A","1998",1574,
"BEL","HRWKD","TOT","HR_WKD","A","1999",1575,
"BEL","HRWKD","TOT","HR_WKD","A","2000",1589,
"BEL","HRWKD","TOT","HR_WKD","A","2001",1581,
"BEL","HRWKD","TOT","HR_WKD","A","2002",1594,
"BEL","HRWKD","TOT","HR_WKD","A","2003",1598,
"BEL","HRWKD","TOT","HR_WKD","A","2004",1588,
"BEL","HRWKD","TOT","HR_WKD","A","2005",1578,
"BEL","HRWKD","TOT","HR_WKD","A","2006",1592,
"BEL","HRWKD","TOT","HR_WKD","A","2007",1594,
"BEL","HRWKD","TOT","HR_WKD","A","2008",1582,
"BEL","HRWKD","TOT","HR_WKD","A","2009",1563,
"BEL","HRWKD","TOT","HR_WKD","A","2010",1574,
"BEL","HRWKD","TOT","HR_WKD","A","2011",1590,
"BEL","HRWKD","TOT","HR_WKD","A","2012",1587,
"BEL","HRWKD","TOT","HR_WKD","A","2013",1586,
"BEL","HRWKD","TOT","HR_WKD","A","2014",1582,
"BEL","HRWKD","TOT","HR_WKD","A","2015",1575,
"BEL","HRWKD","TOT","HR_WKD","A","2016",1574,
"BEL","HRWKD","TOT","HR_WKD","A","2017",1578,
"BEL","HRWKD","TOT","HR_WKD","A","2018",1580,
"BEL","HRWKD","TOT","HR_WKD","A","2019",1577,
"BEL","HRWKD","TOT","HR_WKD","A","2020",1443,
"BEL","HRWKD","TOT","HR_WKD","A","2021",1493.12638580931,
"CAN","HRWKD","TOT","HR_WKD","A","1961",2059,
"CAN","HRWKD","TOT","HR_WKD","A","1962",2058,
"CAN","HRWKD","TOT","HR_WKD","A","1963",2041,
"CAN","HRWKD","TOT","HR_WKD","A","1964",2033,
"CAN","HRWKD","TOT","HR_WKD","A","1965",2016,
"CAN","HRWKD","TOT","HR_WKD","A","1966",2001,
"CAN","HRWKD","TOT","HR_WKD","A","1967",1993,
"CAN","HRWKD","TOT","HR_WKD","A","1968",1958,
"CAN","HRWKD","TOT","HR_WKD","A","1969",1943,
"CAN","HRWKD","TOT","HR_WKD","A","1970",1925,
"CAN","HRWKD","TOT","HR_WKD","A","1971",1912,
"CAN","HRWKD","TOT","HR_WKD","A","1972",1904,
"CAN","HRWKD","TOT","HR_WKD","A","1973",1898,
"CAN","HRWKD","TOT","HR_WKD","A","1974",1891,
"CAN","HRWKD","TOT","HR_WKD","A","1975",1872,
"CAN","HRWKD","TOT","HR_WKD","A","1976",1862,
"CAN","HRWKD","TOT","HR_WKD","A","1977",1834,
"CAN","HRWKD","TOT","HR_WKD","A","1978",1836,
"CAN","HRWKD","TOT","HR_WKD","A","1979",1841,
"CAN","HRWKD","TOT","HR_WKD","A","1980",1827,
"CAN","HRWKD","TOT","HR_WKD","A","1981",1812,
"CAN","HRWKD","TOT","HR_WKD","A","1982",1789,
"CAN","HRWKD","TOT","HR_WKD","A","1983",1779,
"CAN","HRWKD","TOT","HR_WKD","A","1984",1789,
"CAN","HRWKD","TOT","HR_WKD","A","1985",1795,
"CAN","HRWKD","TOT","HR_WKD","A","1986",1797,
"CAN","HRWKD","TOT","HR_WKD","A","1987",1807,
"CAN","HRWKD","TOT","HR_WKD","A","1988",1808,
"CAN","HRWKD","TOT","HR_WKD","A","1989",1802,
"CAN","HRWKD","TOT","HR_WKD","A","1990",1797,
"CAN","HRWKD","TOT","HR_WKD","A","1991",1775,
"CAN","HRWKD","TOT","HR_WKD","A","1992",1772,
"CAN","HRWKD","TOT","HR_WKD","A","1993",1769,
"CAN","HRWKD","TOT","HR_WKD","A","1994",1778,
"CAN","HRWKD","TOT","HR_WKD","A","1995",1775,
"CAN","HRWKD","TOT","HR_WKD","A","1996",1790,
"CAN","HRWKD","TOT","HR_WKD","A","1997",1798,
"CAN","HRWKD","TOT","HR_WKD","A","1998",1794,
"CAN","HRWKD","TOT","HR_WKD","A","1999",1793,
"CAN","HRWKD","TOT","HR_WKD","A","2000",1787,
"CAN","HRWKD","TOT","HR_WKD","A","2001",1774,
"CAN","HRWKD","TOT","HR_WKD","A","2002",1755,
"CAN","HRWKD","TOT","HR_WKD","A","2003",1745,
"CAN","HRWKD","TOT","HR_WKD","A","2004",1755,
"CAN","HRWKD","TOT","HR_WKD","A","2005",1745,
"CAN","HRWKD","TOT","HR_WKD","A","2006",1744,
"CAN","HRWKD","TOT","HR_WKD","A","2007",1744,
"CAN","HRWKD","TOT","HR_WKD","A","2008",1741,
"CAN","HRWKD","TOT","HR_WKD","A","2009",1712,
"CAN","HRWKD","TOT","HR_WKD","A","2010",1715,
"CAN","HRWKD","TOT","HR_WKD","A","2011",1713,
"CAN","HRWKD","TOT","HR_WKD","A","2012",1722,
"CAN","HRWKD","TOT","HR_WKD","A","2013",1716,
"CAN","HRWKD","TOT","HR_WKD","A","2014",1710,
"CAN","HRWKD","TOT","HR_WKD","A","2015",1712,
"CAN","HRWKD","TOT","HR_WKD","A","2016",1706,
"CAN","HRWKD","TOT","HR_WKD","A","2017",1695,
"CAN","HRWKD","TOT","HR_WKD","A","2018",1708,
"CAN","HRWKD","TOT","HR_WKD","A","2019",1690,
"CAN","HRWKD","TOT","HR_WKD","A","2020",1644,
"CAN","HRWKD","TOT","HR_WKD","A","2021",1684.99840044174,
"CZE","HRWKD","TOT","HR_WKD","A","1993",1857,
"CZE","HRWKD","TOT","HR_WKD","A","1994",1839,
"CZE","HRWKD","TOT","HR_WKD","A","1995",1831.67353599803,
"CZE","HRWKD","TOT","HR_WKD","A","1996",1829.37830561277,
"CZE","HRWKD","TOT","HR_WKD","A","1997",1837.91867519233,
"CZE","HRWKD","TOT","HR_WKD","A","1998",1860.8768776013,
"CZE","HRWKD","TOT","HR_WKD","A","1999",1890.60110186293,
"CZE","HRWKD","TOT","HR_WKD","A","2000",1900.25972657609,
"CZE","HRWKD","TOT","HR_WKD","A","2001",1823.32333964043,
"CZE","HRWKD","TOT","HR_WKD","A","2002",1812.21500114625,
"CZE","HRWKD","TOT","HR_WKD","A","2003",1799.04788243547,
"CZE","HRWKD","TOT","HR_WKD","A","2004",1813.65577899333,
"CZE","HRWKD","TOT","HR_WKD","A","2005",1802.92607218891,
"CZE","HRWKD","TOT","HR_WKD","A","2006",1789.22893410813,
"CZE","HRWKD","TOT","HR_WKD","A","2007",1775.0173124925,
"CZE","HRWKD","TOT","HR_WKD","A","2008",1789.61445435398,
"CZE","HRWKD","TOT","HR_WKD","A","2009",1778.80100193734,
"CZE","HRWKD","TOT","HR_WKD","A","2010",1799.09974628458,
"CZE","HRWKD","TOT","HR_WKD","A","2011",1805.47336955466,
"CZE","HRWKD","TOT","HR_WKD","A","2012",1776.44831609381,
"CZE","HRWKD","TOT","HR_WKD","A","2013",1764.30200770331,
"CZE","HRWKD","TOT","HR_WKD","A","2014",1773.81180970635,
"CZE","HRWKD","TOT","HR_WKD","A","2015",1751.47421425254,
"CZE","HRWKD","TOT","HR_WKD","A","2016",1774.04635487219,
"CZE","HRWKD","TOT","HR_WKD","A","2017",1776.44770281944,
"CZE","HRWKD","TOT","HR_WKD","A","2018",1784.66636269155,
"CZE","HRWKD","TOT","HR_WKD","A","2019",1786.03344465839,
"CZE","HRWKD","TOT","HR_WKD","A","2020",1703.59653546415,
"CZE","HRWKD","TOT","HR_WKD","A","2021",1752.82063270898,
"DNK","HRWKD","TOT","HR_WKD","A","1970",1845,
"DNK","HRWKD","TOT","HR_WKD","A","1971",1810,
"DNK","HRWKD","TOT","HR_WKD","A","1972",1752,
"DNK","HRWKD","TOT","HR_WKD","A","1973",1710,
"DNK","HRWKD","TOT","HR_WKD","A","1974",1691,
"DNK","HRWKD","TOT","HR_WKD","A","1975",1617,
"DNK","HRWKD","TOT","HR_WKD","A","1976",1624,
"DNK","HRWKD","TOT","HR_WKD","A","1977",1598,
"DNK","HRWKD","TOT","HR_WKD","A","1978",1575,
"DNK","HRWKD","TOT","HR_WKD","A","1979",1564,
"DNK","HRWKD","TOT","HR_WKD","A","1980",1577,
"DNK","HRWKD","TOT","HR_WKD","A","1981",1546,
"DNK","HRWKD","TOT","HR_WKD","A","1982",1553,
"DNK","HRWKD","TOT","HR_WKD","A","1983",1546,
"DNK","HRWKD","TOT","HR_WKD","A","1984",1541,
"DNK","HRWKD","TOT","HR_WKD","A","1985",1527,
"DNK","HRWKD","TOT","HR_WKD","A","1986",1531,
"DNK","HRWKD","TOT","HR_WKD","A","1987",1493,
"DNK","HRWKD","TOT","HR_WKD","A","1988",1471,
"DNK","HRWKD","TOT","HR_WKD","A","1989",1455,
"DNK","HRWKD","TOT","HR_WKD","A","1990",1440.50248947927,
"DNK","HRWKD","TOT","HR_WKD","A","1991",1437.31404792345,
"DNK","HRWKD","TOT","HR_WKD","A","1992",1452.36491356625,
"DNK","HRWKD","TOT","HR_WKD","A","1993",1448.92145291905,
"DNK","HRWKD","TOT","HR_WKD","A","1994",1406.66132217899,
"DNK","HRWKD","TOT","HR_WKD","A","1995",1419.14450819252,
"DNK","HRWKD","TOT","HR_WKD","A","1996",1412.26451106893,
"DNK","HRWKD","TOT","HR_WKD","A","1997",1428.09212481982,
"DNK","HRWKD","TOT","HR_WKD","A","1998",1441.13338517464,
"DNK","HRWKD","TOT","HR_WKD","A","1999",1456.49778829583,
"DNK","HRWKD","TOT","HR_WKD","A","2000",1465.93777686797,
"DNK","HRWKD","TOT","HR_WKD","A","2001",1468.67552713,
"DNK","HRWKD","TOT","HR_WKD","A","2002",1462.58458444077,
"DNK","HRWKD","TOT","HR_WKD","A","2003",1457.82742519628,
"DNK","HRWKD","TOT","HR_WKD","A","2004",1458.07394850068,
"DNK","HRWKD","TOT","HR_WKD","A","2005",1451.36235283381,
"DNK","HRWKD","TOT","HR_WKD","A","2006",1455.70334128971,
"DNK","HRWKD","TOT","HR_WKD","A","2007",1432.76976799283,
"DNK","HRWKD","TOT","HR_WKD","A","2008",1430.05508558406,
"DNK","HRWKD","TOT","HR_WKD","A","2009",1417.02988459357,
"DNK","HRWKD","TOT","HR_WKD","A","2010",1422.30839756429,
"DNK","HRWKD","TOT","HR_WKD","A","2011",1436.98118299249,
"DNK","HRWKD","TOT","HR_WKD","A","2012",1423.3462832508,
"DNK","HRWKD","TOT","HR_WKD","A","2013",1425.63357544074,
"DNK","HRWKD","TOT","HR_WKD","A","2014",1413.80721530672,
"DNK","HRWKD","TOT","HR_WKD","A","2015",1407.14910367558,
"DNK","HRWKD","TOT","HR_WKD","A","2016",1412.04476904186,
"DNK","HRWKD","TOT","HR_WKD","A","2017",1404.20432783947,
"DNK","HRWKD","TOT","HR_WKD","A","2018",1381.28888987796,
"DNK","HRWKD","TOT","HR_WKD","A","2019",1371.49881061049,
"DNK","HRWKD","TOT","HR_WKD","A","2020",1342.32701888433,
"DNK","HRWKD","TOT","HR_WKD","A","2021",1363.43075437447,
"FIN","HRWKD","TOT","HR_WKD","A","1960",1967,
"FIN","HRWKD","TOT","HR_WKD","A","1961",1966,
"FIN","HRWKD","TOT","HR_WKD","A","1962",1959,
"FIN","HRWKD","TOT","HR_WKD","A","1963",1956,
"FIN","HRWKD","TOT","HR_WKD","A","1964",1980,
"FIN","HRWKD","TOT","HR_WKD","A","1965",1980,
"FIN","HRWKD","TOT","HR_WKD","A","1966",1957,
"FIN","HRWKD","TOT","HR_WKD","A","1967",1940,
"FIN","HRWKD","TOT","HR_WKD","A","1968",1925,
"FIN","HRWKD","TOT","HR_WKD","A","1969",1907,
"FIN","HRWKD","TOT","HR_WKD","A","1970",1918,
"FIN","HRWKD","TOT","HR_WKD","A","1971",1884,
"FIN","HRWKD","TOT","HR_WKD","A","1972",1869,
"FIN","HRWKD","TOT","HR_WKD","A","1973",1853,
"FIN","HRWKD","TOT","HR_WKD","A","1974",1848,
"FIN","HRWKD","TOT","HR_WKD","A","1975",1779,
"FIN","HRWKD","TOT","HR_WKD","A","1976",1776,
"FIN","HRWKD","TOT","HR_WKD","A","1977",1769,
"FIN","HRWKD","TOT","HR_WKD","A","1978",1774,
"FIN","HRWKD","TOT","HR_WKD","A","1979",1751,
"FIN","HRWKD","TOT","HR_WKD","A","1980",1732,
"FIN","HRWKD","TOT","HR_WKD","A","1981",1726,
"FIN","HRWKD","TOT","HR_WKD","A","1982",1719,
"FIN","HRWKD","TOT","HR_WKD","A","1983",1709,
"FIN","HRWKD","TOT","HR_WKD","A","1984",1705,
"FIN","HRWKD","TOT","HR_WKD","A","1985",1699,
"FIN","HRWKD","TOT","HR_WKD","A","1986",1683,
"FIN","HRWKD","TOT","HR_WKD","A","1987",1690,
"FIN","HRWKD","TOT","HR_WKD","A","1988",1694,
"FIN","HRWKD","TOT","HR_WKD","A","1989",1694,
"FIN","HRWKD","TOT","HR_WKD","A","1990",1671,
"FIN","HRWKD","TOT","HR_WKD","A","1991",1652,
"FIN","HRWKD","TOT","HR_WKD","A","1992",1652,
"FIN","HRWKD","TOT","HR_WKD","A","1993",1651,
"FIN","HRWKD","TOT","HR_WKD","A","1994",1671,
"FIN","HRWKD","TOT","HR_WKD","A","1995",1677,
"FIN","HRWKD","TOT","HR_WKD","A","1996",1675,
"FIN","HRWKD","TOT","HR_WKD","A","1997",1671,
"FIN","HRWKD","TOT","HR_WKD","A","1998",1661,
"FIN","HRWKD","TOT","HR_WKD","A","1999",1661,
"FIN","HRWKD","TOT","HR_WKD","A","2000",1650,
"FIN","HRWKD","TOT","HR_WKD","A","2001",1636,
"FIN","HRWKD","TOT","HR_WKD","A","2002",1628,
"FIN","HRWKD","TOT","HR_WKD","A","2003",1623,
"FIN","HRWKD","TOT","HR_WKD","A","2004",1624,
"FIN","HRWKD","TOT","HR_WKD","A","2005",1613,
"FIN","HRWKD","TOT","HR_WKD","A","2006",1608,
"FIN","HRWKD","TOT","HR_WKD","A","2007",1605,
"FIN","HRWKD","TOT","HR_WKD","A","2008",1601,
"FIN","HRWKD","TOT","HR_WKD","A","2009",1580,
"FIN","HRWKD","TOT","HR_WKD","A","2010",1585,
"FIN","HRWKD","TOT","HR_WKD","A","2011",1578,
"FIN","HRWKD","TOT","HR_WKD","A","2012",1568,
"FIN","HRWKD","TOT","HR_WKD","A","2013",1560,
"FIN","HRWKD","TOT","HR_WKD","A","2014",1558,
"FIN","HRWKD","TOT","HR_WKD","A","2015",1555,
"FIN","HRWKD","TOT","HR_WKD","A","2016",1555,
"FIN","HRWKD","TOT","HR_WKD","A","2017",1548.87961089044,
"FIN","HRWKD","TOT","HR_WKD","A","2018",1546.37323846403,
"FIN","HRWKD","TOT","HR_WKD","A","2019",1538.37118618515,
"FIN","HRWKD","TOT","HR_WKD","A","2020",1528.78994195106,
"FIN","HRWKD","TOT","HR_WKD","A","2021",1518.26736906017,
"FRA","HRWKD","TOT","HR_WKD","A","1950",2351,
"FRA","HRWKD","TOT","HR_WKD","A","1951",2360,
"FRA","HRWKD","TOT","HR_WKD","A","1952",2339,
"FRA","HRWKD","TOT","HR_WKD","A","1953",2313,
"FRA","HRWKD","TOT","HR_WKD","A","1954",2316,
"FRA","HRWKD","TOT","HR_WKD","A","1955",2292,
"FRA","HRWKD","TOT","HR_WKD","A","1956",2236,
"FRA","HRWKD","TOT","HR_WKD","A","1957",2200,
"FRA","HRWKD","TOT","HR_WKD","A","1958",2179,
"FRA","HRWKD","TOT","HR_WKD","A","1959",2179,
"FRA","HRWKD","TOT","HR_WKD","A","1960",2188,
"FRA","HRWKD","TOT","HR_WKD","A","1961",2165,
"FRA","HRWKD","TOT","HR_WKD","A","1962",2178,
"FRA","HRWKD","TOT","HR_WKD","A","1963",2159,
"FRA","HRWKD","TOT","HR_WKD","A","1964",2166,
"FRA","HRWKD","TOT","HR_WKD","A","1965",2153,
"FRA","HRWKD","TOT","HR_WKD","A","1966",2145,
"FRA","HRWKD","TOT","HR_WKD","A","1967",2110,
"FRA","HRWKD","TOT","HR_WKD","A","1968",2087,
"FRA","HRWKD","TOT","HR_WKD","A","1969",2012,
"FRA","HRWKD","TOT","HR_WKD","A","1970",1993,
"FRA","HRWKD","TOT","HR_WKD","A","1971",1990,
"FRA","HRWKD","TOT","HR_WKD","A","1972",1937,
"FRA","HRWKD","TOT","HR_WKD","A","1973",1920,
"FRA","HRWKD","TOT","HR_WKD","A","1974",1888,
"FRA","HRWKD","TOT","HR_WKD","A","1975",1863,
"FRA","HRWKD","TOT","HR_WKD","A","1976",1889,
"FRA","HRWKD","TOT","HR_WKD","A","1977",1850,
"FRA","HRWKD","TOT","HR_WKD","A","1978",1819,
"FRA","HRWKD","TOT","HR_WKD","A","1979",1816,
"FRA","HRWKD","TOT","HR_WKD","A","1980",1806,
"FRA","HRWKD","TOT","HR_WKD","A","1981",1786,
"FRA","HRWKD","TOT","HR_WKD","A","1982",1714,
"FRA","HRWKD","TOT","HR_WKD","A","1983",1696,
"FRA","HRWKD","TOT","HR_WKD","A","1984",1690,
"FRA","HRWKD","TOT","HR_WKD","A","1985",1654,
"FRA","HRWKD","TOT","HR_WKD","A","1986",1648,
"FRA","HRWKD","TOT","HR_WKD","A","1987",1659,
"FRA","HRWKD","TOT","HR_WKD","A","1988",1667,
"FRA","HRWKD","TOT","HR_WKD","A","1989",1651,
"FRA","HRWKD","TOT","HR_WKD","A","1990",1645,
"FRA","HRWKD","TOT","HR_WKD","A","1991",1638,
"FRA","HRWKD","TOT","HR_WKD","A","1992",1635,
"FRA","HRWKD","TOT","HR_WKD","A","1993",1627,
"FRA","HRWKD","TOT","HR_WKD","A","1994",1623,
"FRA","HRWKD","TOT","HR_WKD","A","1995",1601,
"FRA","HRWKD","TOT","HR_WKD","A","1996",1597,
"FRA","HRWKD","TOT","HR_WKD","A","1997",1596,
"FRA","HRWKD","TOT","HR_WKD","A","1998",1585,
"FRA","HRWKD","TOT","HR_WKD","A","1999",1578,
"FRA","HRWKD","TOT","HR_WKD","A","2000",1558,
"FRA","HRWKD","TOT","HR_WKD","A","2001",1538,
"FRA","HRWKD","TOT","HR_WKD","A","2002",1504,
"FRA","HRWKD","TOT","HR_WKD","A","2003",1507,
"FRA","HRWKD","TOT","HR_WKD","A","2004",1531,
"FRA","HRWKD","TOT","HR_WKD","A","2005",1532,
"FRA","HRWKD","TOT","HR_WKD","A","2006",1515,
"FRA","HRWKD","TOT","HR_WKD","A","2007",1537,
"FRA","HRWKD","TOT","HR_WKD","A","2008",1543,
"FRA","HRWKD","TOT","HR_WKD","A","2009",1531,
"FRA","HRWKD","TOT","HR_WKD","A","2010",1540,
"FRA","HRWKD","TOT","HR_WKD","A","2011",1546,
"FRA","HRWKD","TOT","HR_WKD","A","2012",1541,
"FRA","HRWKD","TOT","HR_WKD","A","2013",1526,
"FRA","HRWKD","TOT","HR_WKD","A","2014",1518,
"FRA","HRWKD","TOT","HR_WKD","A","2015",1519.48435617539,
"FRA","HRWKD","TOT","HR_WKD","A","2016",1522.06935829071,
"FRA","HRWKD","TOT","HR_WKD","A","2017",1507.60482048707,
"FRA","HRWKD","TOT","HR_WKD","A","2018",1514.41032743803,
"FRA","HRWKD","TOT","HR_WKD","A","2019",1518.15725565889,
"FRA","HRWKD","TOT","HR_WKD","A","2020",1407.25763480479,
"FRA","HRWKD","TOT","HR_WKD","A","2021",1490.33174431957,
"DEU","HRWKD","TOT","HR_WKD","A","1991",1554.1,
"DEU","HRWKD","TOT","HR_WKD","A","1992",1565.1,
"DEU","HRWKD","TOT","HR_WKD","A","1993",1540.2,
"DEU","HRWKD","TOT","HR_WKD","A","1994",1536.6,
"DEU","HRWKD","TOT","HR_WKD","A","1995",1530.6,
"DEU","HRWKD","TOT","HR_WKD","A","1996",1516.8,
"DEU","HRWKD","TOT","HR_WKD","A","1997",1507.7,
"DEU","HRWKD","TOT","HR_WKD","A","1998",1504.5,
"DEU","HRWKD","TOT","HR_WKD","A","1999",1491.5,
"DEU","HRWKD","TOT","HR_WKD","A","2000",1465.9,
"DEU","HRWKD","TOT","HR_WKD","A","2001",1458.2,
"DEU","HRWKD","TOT","HR_WKD","A","2002",1448.9,
"DEU","HRWKD","TOT","HR_WKD","A","2003",1443.4,
"DEU","HRWKD","TOT","HR_WKD","A","2004",1442.6,
"DEU","HRWKD","TOT","HR_WKD","A","2005",1432.4,
"DEU","HRWKD","TOT","HR_WKD","A","2006",1453.2,
"DEU","HRWKD","TOT","HR_WKD","A","2007",1454.1,
"DEU","HRWKD","TOT","HR_WKD","A","2008",1447.3,
"DEU","HRWKD","TOT","HR_WKD","A","2009",1405,
"DEU","HRWKD","TOT","HR_WKD","A","2010",1425.7,
"DEU","HRWKD","TOT","HR_WKD","A","2011",1426.9,
"DEU","HRWKD","TOT","HR_WKD","A","2012",1408,
"DEU","HRWKD","TOT","HR_WKD","A","2013",1396.5,
"DEU","HRWKD","TOT","HR_WKD","A","2014",1400.4,
"DEU","HRWKD","TOT","HR_WKD","A","2015",1401,
"DEU","HRWKD","TOT","HR_WKD","A","2016",1395.6,
"DEU","HRWKD","TOT","HR_WKD","A","2017",1389.1,
"DEU","HRWKD","TOT","HR_WKD","A","2018",1384.7,
"DEU","HRWKD","TOT","HR_WKD","A","2019",1381.5,
"DEU","HRWKD","TOT","HR_WKD","A","2020",1324.2,
"DEU","HRWKD","TOT","HR_WKD","A","2021",1349.3,
"GRC","HRWKD","TOT","HR_WKD","A","1982",2072.19464809986,
"GRC","HRWKD","TOT","HR_WKD","A","1983",2072.19464809986,
"GRC","HRWKD","TOT","HR_WKD","A","1984",2002.99510129689,
"GRC","HRWKD","TOT","HR_WKD","A","1985",2020.05800324831,
"GRC","HRWKD","TOT","HR_WKD","A","1986",2008.6827352807,
"GRC","HRWKD","TOT","HR_WKD","A","1987",1967.92135839676,
"GRC","HRWKD","TOT","HR_WKD","A","1988",1956.54609042915,
"GRC","HRWKD","TOT","HR_WKD","A","1989",1997.30746731309,
"GRC","HRWKD","TOT","HR_WKD","A","1990",1975.50487037517,
"GRC","HRWKD","TOT","HR_WKD","A","1991",2004.89097929149,
"GRC","HRWKD","TOT","HR_WKD","A","1992",2031.43327121592,
"GRC","HRWKD","TOT","HR_WKD","A","1993",2051.33999015924,
"GRC","HRWKD","TOT","HR_WKD","A","1994",2018.16212525371,
"GRC","HRWKD","TOT","HR_WKD","A","1995",2000.82140381191,
"GRC","HRWKD","TOT","HR_WKD","A","1996",1999.58443029173,
"GRC","HRWKD","TOT","HR_WKD","A","1997",1998.20159304177,
"GRC","HRWKD","TOT","HR_WKD","A","1998",1998.66723643315,
"GRC","HRWKD","TOT","HR_WKD","A","1999",1995.26973676541,
"GRC","HRWKD","TOT","HR_WKD","A","2000",1997.91494450948,
"GRC","HRWKD","TOT","HR_WKD","A","2001",1991.74357581313,
"GRC","HRWKD","TOT","HR_WKD","A","2002",1984.24112102253,
"GRC","HRWKD","TOT","HR_WKD","A","2003",1982.59376767811,
"GRC","HRWKD","TOT","HR_WKD","A","2004",1974.131162914,
"GRC","HRWKD","TOT","HR_WKD","A","2005",2025.02379499972,
"GRC","HRWKD","TOT","HR_WKD","A","2006",2014.69144057771,
"GRC","HRWKD","TOT","HR_WKD","A","2007",2001.08873404859,
"GRC","HRWKD","TOT","HR_WKD","A","2008",1996.60481496315,
"GRC","HRWKD","TOT","HR_WKD","A","2009",1972.86052620357,
"GRC","HRWKD","TOT","HR_WKD","A","2010",1931.07982475913,
"GRC","HRWKD","TOT","HR_WKD","A","2011",1950.22069420752,
"GRC","HRWKD","TOT","HR_WKD","A","2012",1989.93137331474,
"GRC","HRWKD","TOT","HR_WKD","A","2013",1996.60648416968,
"GRC","HRWKD","TOT","HR_WKD","A","2014",1949.33400057264,
"GRC","HRWKD","TOT","HR_WKD","A","2015",1934.9868080525,
"GRC","HRWKD","TOT","HR_WKD","A","2016",1942.72654348523,
"GRC","HRWKD","TOT","HR_WKD","A","2017",1946.94095359204,
"GRC","HRWKD","TOT","HR_WKD","A","2018",1961.08118109017,
"GRC","HRWKD","TOT","HR_WKD","A","2019",1916.66005063335,
"GRC","HRWKD","TOT","HR_WKD","A","2020",1730.73763920219,
"GRC","HRWKD","TOT","HR_WKD","A","2021",1872.23705073194,
"HUN","HRWKD","TOT","HR_WKD","A","1980",2348,
"HUN","HRWKD","TOT","HR_WKD","A","1981",2347,
"HUN","HRWKD","TOT","HR_WKD","A","1982",2248,
"HUN","HRWKD","TOT","HR_WKD","A","1983",2226,
"HUN","HRWKD","TOT","HR_WKD","A","1984",2149,
"HUN","HRWKD","TOT","HR_WKD","A","1985",2120,
"HUN","HRWKD","TOT","HR_WKD","A","1986",2111,
"HUN","HRWKD","TOT","HR_WKD","A","1987",2158,
"HUN","HRWKD","TOT","HR_WKD","A","1988",2151,
"HUN","HRWKD","TOT","HR_WKD","A","1989",2125,
"HUN","HRWKD","TOT","HR_WKD","A","1990",2082,
"HUN","HRWKD","TOT","HR_WKD","A","1991",2048,
"HUN","HRWKD","TOT","HR_WKD","A","1992",2002,
"HUN","HRWKD","TOT","HR_WKD","A","1993",2002,
"HUN","HRWKD","TOT","HR_WKD","A","1994",2142,
"HUN","HRWKD","TOT","HR_WKD","A","1995",1948,
"HUN","HRWKD","TOT","HR_WKD","A","1996",1946,
"HUN","HRWKD","TOT","HR_WKD","A","1997",1954.3,
"HUN","HRWKD","TOT","HR_WKD","A","1998",1945.1,
"HUN","HRWKD","TOT","HR_WKD","A","1999",1952.4,
"HUN","HRWKD","TOT","HR_WKD","A","2000",1932.4,
"HUN","HRWKD","TOT","HR_WKD","A","2001",1897.8,
"HUN","HRWKD","TOT","HR_WKD","A","2002",1883.6,
"HUN","HRWKD","TOT","HR_WKD","A","2003",1856.3,
"HUN","HRWKD","TOT","HR_WKD","A","2004",1858.6,
"HUN","HRWKD","TOT","HR_WKD","A","2005",1834.1,
"HUN","HRWKD","TOT","HR_WKD","A","2006",1813.9,
"HUN","HRWKD","TOT","HR_WKD","A","2007",1787.8,
"HUN","HRWKD","TOT","HR_WKD","A","2008",1791.2,
"HUN","HRWKD","TOT","HR_WKD","A","2009",1758.2,
"HUN","HRWKD","TOT","HR_WKD","A","2010",1766.4,
"HUN","HRWKD","TOT","HR_WKD","A","2011",1753.7,
"HUN","HRWKD","TOT","HR_WKD","A","2012",1738.3,
"HUN","HRWKD","TOT","HR_WKD","A","2013",1733.6,
"HUN","HRWKD","TOT","HR_WKD","A","2014",1748.6,
"HUN","HRWKD","TOT","HR_WKD","A","2015",1745.9,
"HUN","HRWKD","TOT","HR_WKD","A","2016",1760.2,
"HUN","HRWKD","TOT","HR_WKD","A","2017",1747.4,
"HUN","HRWKD","TOT","HR_WKD","A","2018",1729.9,
"HUN","HRWKD","TOT","HR_WKD","A","2019",1722.2,
"HUN","HRWKD","TOT","HR_WKD","A","2020",1657.1,
"HUN","HRWKD","TOT","HR_WKD","A","2021",1697.1,
"ISL","HRWKD","TOT","HR_WKD","A","1970",1954,
"ISL","HRWKD","TOT","HR_WKD","A","1971",1916,
"ISL","HRWKD","TOT","HR_WKD","A","1972",1883,
"ISL","HRWKD","TOT","HR_WKD","A","1973",1866,
"ISL","HRWKD","TOT","HR_WKD","A","1974",1841,
"ISL","HRWKD","TOT","HR_WKD","A","1975",1817,
"ISL","HRWKD","TOT","HR_WKD","A","1976",1790,
"ISL","HRWKD","TOT","HR_WKD","A","1977",1748,
"ISL","HRWKD","TOT","HR_WKD","A","1978",1710,
"ISL","HRWKD","TOT","HR_WKD","A","1979",1697,
"ISL","HRWKD","TOT","HR_WKD","A","1980",1688,
"ISL","HRWKD","TOT","HR_WKD","A","1981",1681,
"ISL","HRWKD","TOT","HR_WKD","A","1982",1684,
"ISL","HRWKD","TOT","HR_WKD","A","1983",1684,
"ISL","HRWKD","TOT","HR_WKD","A","1984",1682,
"ISL","HRWKD","TOT","HR_WKD","A","1985",1681,
"ISL","HRWKD","TOT","HR_WKD","A","1986",1674,
"ISL","HRWKD","TOT","HR_WKD","A","1987",1672,
"ISL","HRWKD","TOT","HR_WKD","A","1988",1679,
"ISL","HRWKD","TOT","HR_WKD","A","1989",1675,
"ISL","HRWKD","TOT","HR_WKD","A","1990",1665,
"ISL","HRWKD","TOT","HR_WKD","A","1991",1668,
"ISL","HRWKD","TOT","HR_WKD","A","1992",1668,
"ISL","HRWKD","TOT","HR_WKD","A","1993",1683,
"ISL","HRWKD","TOT","HR_WKD","A","1994",1655,
"ISL","HRWKD","TOT","HR_WKD","A","1995",1641,
"ISL","HRWKD","TOT","HR_WKD","A","1996",1659,
"ISL","HRWKD","TOT","HR_WKD","A","1997",1684,
"ISL","HRWKD","TOT","HR_WKD","A","1998",1665,
"ISL","HRWKD","TOT","HR_WKD","A","1999",1645,
"ISL","HRWKD","TOT","HR_WKD","A","2000",1696,
"ISL","HRWKD","TOT","HR_WKD","A","2001",1707,
"ISL","HRWKD","TOT","HR_WKD","A","2002",1672,
"ISL","HRWKD","TOT","HR_WKD","A","2003",1639,
"ISL","HRWKD","TOT","HR_WKD","A","2004",1645,
"ISL","HRWKD","TOT","HR_WKD","A","2005",1637,
"ISL","HRWKD","TOT","HR_WKD","A","2006",1627,
"ISL","HRWKD","TOT","HR_WKD","A","2007",1605,
"ISL","HRWKD","TOT","HR_WKD","A","2008",1625.2035694367,
"ISL","HRWKD","TOT","HR_WKD","A","2009",1536.38517618469,
"ISL","HRWKD","TOT","HR_WKD","A","2010",1527.85230769231,
"ISL","HRWKD","TOT","HR_WKD","A","2011",1537.6810712112,
"ISL","HRWKD","TOT","HR_WKD","A","2012",1523.06451612903,
"ISL","HRWKD","TOT","HR_WKD","A","2013",1524.13309982487,
"ISL","HRWKD","TOT","HR_WKD","A","2014",1513.4358974359,
"ISL","HRWKD","TOT","HR_WKD","A","2015",1511.40166204986,
"ISL","HRWKD","TOT","HR_WKD","A","2016",1519.99470058294,
"ISL","HRWKD","TOT","HR_WKD","A","2017",1507.07676664972,
"ISL","HRWKD","TOT","HR_WKD","A","2018",1496.45607107601,
"ISL","HRWKD","TOT","HR_WKD","A","2019",1480.14822134387,
"ISL","HRWKD","TOT","HR_WKD","A","2020",1446.23962655602,
"ISL","HRWKD","TOT","HR_WKD","A","2021",1433.40955284553,
"IRL","HRWKD","TOT","HR_WKD","A","1970",2335,
"IRL","HRWKD","TOT","HR_WKD","A","1971",2318,
"IRL","HRWKD","TOT","HR_WKD","A","1972",2297,
"IRL","HRWKD","TOT","HR_WKD","A","1973",2285,
"IRL","HRWKD","TOT","HR_WKD","A","1974",2248,
"IRL","HRWKD","TOT","HR_WKD","A","1975",2239,
"IRL","HRWKD","TOT","HR_WKD","A","1976",2233,
"IRL","HRWKD","TOT","HR_WKD","A","1977",2203,
"IRL","HRWKD","TOT","HR_WKD","A","1978",2184,
"IRL","HRWKD","TOT","HR_WKD","A","1979",2162,
"IRL","HRWKD","TOT","HR_WKD","A","1980",2123,
"IRL","HRWKD","TOT","HR_WKD","A","1981",2091,
"IRL","HRWKD","TOT","HR_WKD","A","1982",2084,
"IRL","HRWKD","TOT","HR_WKD","A","1983",2074,
"IRL","HRWKD","TOT","HR_WKD","A","1984",2056,
"IRL","HRWKD","TOT","HR_WKD","A","1985",2063,
"IRL","HRWKD","TOT","HR_WKD","A","1986",2097,
"IRL","HRWKD","TOT","HR_WKD","A","1987",2077,
"IRL","HRWKD","TOT","HR_WKD","A","1988",2085,
"IRL","HRWKD","TOT","HR_WKD","A","1989",2092,
"IRL","HRWKD","TOT","HR_WKD","A","1990",2081,
"IRL","HRWKD","TOT","HR_WKD","A","1991",2046,
"IRL","HRWKD","TOT","HR_WKD","A","1992",1998,
"IRL","HRWKD","TOT","HR_WKD","A","1993",1971,
"IRL","HRWKD","TOT","HR_WKD","A","1994",1971,
"IRL","HRWKD","TOT","HR_WKD","A","1995",1963,
"IRL","HRWKD","TOT","HR_WKD","A","1996",1954,
"IRL","HRWKD","TOT","HR_WKD","A","1997",1954,
"IRL","HRWKD","TOT","HR_WKD","A","1998",1953,
"IRL","HRWKD","TOT","HR_WKD","A","1999",1942,
"IRL","HRWKD","TOT","HR_WKD","A","2000",1933,
"IRL","HRWKD","TOT","HR_WKD","A","2001",1924,
"IRL","HRWKD","TOT","HR_WKD","A","2002",1904,
"IRL","HRWKD","TOT","HR_WKD","A","2003",1887,
"IRL","HRWKD","TOT","HR_WKD","A","2004",1875,
"IRL","HRWKD","TOT","HR_WKD","A","2005",1883,
"IRL","HRWKD","TOT","HR_WKD","A","2006",1879,
"IRL","HRWKD","TOT","HR_WKD","A","2007",1865,
"IRL","HRWKD","TOT","HR_WKD","A","2008",1844,
"IRL","HRWKD","TOT","HR_WKD","A","2009",1812,
"IRL","HRWKD","TOT","HR_WKD","A","2010",1721,
"IRL","HRWKD","TOT","HR_WKD","A","2011",1737,
"IRL","HRWKD","TOT","HR_WKD","A","2012",1738,
"IRL","HRWKD","TOT","HR_WKD","A","2013",1743,
"IRL","HRWKD","TOT","HR_WKD","A","2014",1757,
"IRL","HRWKD","TOT","HR_WKD","A","2015",1771,
"IRL","HRWKD","TOT","HR_WKD","A","2016",1763,
"IRL","HRWKD","TOT","HR_WKD","A","2017",1775,
"IRL","HRWKD","TOT","HR_WKD","A","2018",1782,
"IRL","HRWKD","TOT","HR_WKD","A","2019",1771,
"IRL","HRWKD","TOT","HR_WKD","A","2020",1746,
"IRL","HRWKD","TOT","HR_WKD","A","2021",1775,
"ITA","HRWKD","TOT","HR_WKD","A","1995",1856.2,
"ITA","HRWKD","TOT","HR_WKD","A","1996",1866.2,
"ITA","HRWKD","TOT","HR_WKD","A","1997",1859.9,
"ITA","HRWKD","TOT","HR_WKD","A","1998",1873.1,
"ITA","HRWKD","TOT","HR_WKD","A","1999",1869.9,
"ITA","HRWKD","TOT","HR_WKD","A","2000",1850.2,
"ITA","HRWKD","TOT","HR_WKD","A","2001",1837.6,
"ITA","HRWKD","TOT","HR_WKD","A","2002",1826.2,
"ITA","HRWKD","TOT","HR_WKD","A","2003",1815.1,
"ITA","HRWKD","TOT","HR_WKD","A","2004",1814.6,
"ITA","HRWKD","TOT","HR_WKD","A","2005",1811.1,
"ITA","HRWKD","TOT","HR_WKD","A","2006",1811.9,
"ITA","HRWKD","TOT","HR_WKD","A","2007",1817.7,
"ITA","HRWKD","TOT","HR_WKD","A","2008",1806.5,
"ITA","HRWKD","TOT","HR_WKD","A","2009",1775.2,
"ITA","HRWKD","TOT","HR_WKD","A","2010",1776.8,
"ITA","HRWKD","TOT","HR_WKD","A","2011",1772.6,
"ITA","HRWKD","TOT","HR_WKD","A","2012",1733.6,
"ITA","HRWKD","TOT","HR_WKD","A","2013",1719.1,
"ITA","HRWKD","TOT","HR_WKD","A","2014",1716.3,
"ITA","HRWKD","TOT","HR_WKD","A","2015",1717.5,
"ITA","HRWKD","TOT","HR_WKD","A","2016",1721.7,
"ITA","HRWKD","TOT","HR_WKD","A","2017",1719.2,
"ITA","HRWKD","TOT","HR_WKD","A","2018",1719.4,
"ITA","HRWKD","TOT","HR_WKD","A","2019",1710.2,
"ITA","HRWKD","TOT","HR_WKD","A","2020",1553.6,
"ITA","HRWKD","TOT","HR_WKD","A","2021",1668.5,
"JPN","HRWKD","TOT","HR_WKD","A","1970",2243,
"JPN","HRWKD","TOT","HR_WKD","A","1971",2239,
"JPN","HRWKD","TOT","HR_WKD","A","1972",2228,
"JPN","HRWKD","TOT","HR_WKD","A","1973",2201,
"JPN","HRWKD","TOT","HR_WKD","A","1974",2137,
"JPN","HRWKD","TOT","HR_WKD","A","1975",2112,
"JPN","HRWKD","TOT","HR_WKD","A","1976",2128,
"JPN","HRWKD","TOT","HR_WKD","A","1977",2129,
"JPN","HRWKD","TOT","HR_WKD","A","1978",2123,
"JPN","HRWKD","TOT","HR_WKD","A","1979",2126,
"JPN","HRWKD","TOT","HR_WKD","A","1980",2121,
"JPN","HRWKD","TOT","HR_WKD","A","1981",2106,
"JPN","HRWKD","TOT","HR_WKD","A","1982",2104,
"JPN","HRWKD","TOT","HR_WKD","A","1983",2095,
"JPN","HRWKD","TOT","HR_WKD","A","1984",2108,
"JPN","HRWKD","TOT","HR_WKD","A","1985",2093,
"JPN","HRWKD","TOT","HR_WKD","A","1986",2097,
"JPN","HRWKD","TOT","HR_WKD","A","1987",2096,
"JPN","HRWKD","TOT","HR_WKD","A","1988",2092,
"JPN","HRWKD","TOT","HR_WKD","A","1989",2070,
"JPN","HRWKD","TOT","HR_WKD","A","1990",2031,
"JPN","HRWKD","TOT","HR_WKD","A","1991",1998,
"JPN","HRWKD","TOT","HR_WKD","A","1992",1965,
"JPN","HRWKD","TOT","HR_WKD","A","1993",1905,
"JPN","HRWKD","TOT","HR_WKD","A","1994",1898,
"JPN","HRWKD","TOT","HR_WKD","A","1995",1883.67163805399,
"JPN","HRWKD","TOT","HR_WKD","A","1996",1892.17383379122,
"JPN","HRWKD","TOT","HR_WKD","A","1997",1864.69458219238,
"JPN","HRWKD","TOT","HR_WKD","A","1998",1841.91828473556,
"JPN","HRWKD","TOT","HR_WKD","A","1999",1810.41293847937,
"JPN","HRWKD","TOT","HR_WKD","A","2000",1821.26608931072,
"JPN","HRWKD","TOT","HR_WKD","A","2001",1808.56843512808,
"JPN","HRWKD","TOT","HR_WKD","A","2002",1798.36403736579,
"JPN","HRWKD","TOT","HR_WKD","A","2003",1798.61597518687,
"JPN","HRWKD","TOT","HR_WKD","A","2004",1785.42755087091,
"JPN","HRWKD","TOT","HR_WKD","A","2005",1776.51190226816,
"JPN","HRWKD","TOT","HR_WKD","A","2006",1785.56153305793,
"JPN","HRWKD","TOT","HR_WKD","A","2007",1784.75017724955,
"JPN","HRWKD","TOT","HR_WKD","A","2008",1771.35159607269,
"JPN","HRWKD","TOT","HR_WKD","A","2009",1713.5176025883,
"JPN","HRWKD","TOT","HR_WKD","A","2010",1732.9111403791,
"JPN","HRWKD","TOT","HR_WKD","A","2011",1728.18618129948,
"JPN","HRWKD","TOT","HR_WKD","A","2012",1745.08814928735,
"JPN","HRWKD","TOT","HR_WKD","A","2013",1733.59358107287,
"JPN","HRWKD","TOT","HR_WKD","A","2014",1729.33012288899,
"JPN","HRWKD","TOT","HR_WKD","A","2015",1719.29363508473,
"JPN","HRWKD","TOT","HR_WKD","A","2016",1713.54373605724,
"JPN","HRWKD","TOT","HR_WKD","A","2017",1708.580314583,
"JPN","HRWKD","TOT","HR_WKD","A","2018",1680.16706755507,
"JPN","HRWKD","TOT","HR_WKD","A","2019",1643.81852049291,
"JPN","HRWKD","TOT","HR_WKD","A","2020",1597.98137890323,
"JPN","HRWKD","TOT","HR_WKD","A","2021",1607,
"KOR","HRWKD","TOT","HR_WKD","A","2008",2228,
"KOR","HRWKD","TOT","HR_WKD","A","2009",2174,
"KOR","HRWKD","TOT","HR_WKD","A","2010",2163,
"KOR","HRWKD","TOT","HR_WKD","A","2011",2136,
"KOR","HRWKD","TOT","HR_WKD","A","2012",2119,
"KOR","HRWKD","TOT","HR_WKD","A","2013",2106,
"KOR","HRWKD","TOT","HR_WKD","A","2014",2076,
"KOR","HRWKD","TOT","HR_WKD","A","2015",2083,
"KOR","HRWKD","TOT","HR_WKD","A","2016",2068,
"KOR","HRWKD","TOT","HR_WKD","A","2017",2018,
"KOR","HRWKD","TOT","HR_WKD","A","2018",1993,
"KOR","HRWKD","TOT","HR_WKD","A","2019",1967,
"KOR","HRWKD","TOT","HR_WKD","A","2020",1908,
"KOR","HRWKD","TOT","HR_WKD","A","2021",1915,
"LUX","HRWKD","TOT","HR_WKD","A","1995",1615,
"LUX","HRWKD","TOT","HR_WKD","A","1996",1593,
"LUX","HRWKD","TOT","HR_WKD","A","1997",1600,
"LUX","HRWKD","TOT","HR_WKD","A","1998",1599,
"LUX","HRWKD","TOT","HR_WKD","A","1999",1598,
"LUX","HRWKD","TOT","HR_WKD","A","2000",1605,
"LUX","HRWKD","TOT","HR_WKD","A","2001",1593,
"LUX","HRWKD","TOT","HR_WKD","A","2002",1588,
"LUX","HRWKD","TOT","HR_WKD","A","2003",1586,
"LUX","HRWKD","TOT","HR_WKD","A","2004",1586,
"LUX","HRWKD","TOT","HR_WKD","A","2005",1567,
"LUX","HRWKD","TOT","HR_WKD","A","2006",1567,
"LUX","HRWKD","TOT","HR_WKD","A","2007",1581,
"LUX","HRWKD","TOT","HR_WKD","A","2008",1581,
"LUX","HRWKD","TOT","HR_WKD","A","2009",1518,
"LUX","HRWKD","TOT","HR_WKD","A","2010",1521,
"LUX","HRWKD","TOT","HR_WKD","A","2011",1520,
"LUX","HRWKD","TOT","HR_WKD","A","2012",1514,
"LUX","HRWKD","TOT","HR_WKD","A","2013",1506,
"LUX","HRWKD","TOT","HR_WKD","A","2014",1512,
"LUX","HRWKD","TOT","HR_WKD","A","2015",1519,
"LUX","HRWKD","TOT","HR_WKD","A","2016",1518,
"LUX","HRWKD","TOT","HR_WKD","A","2017",1508,
"LUX","HRWKD","TOT","HR_WKD","A","2018",1509,
"LUX","HRWKD","TOT","HR_WKD","A","2019",1507,
"LUX","HRWKD","TOT","HR_WKD","A","2020",1420,
"LUX","HRWKD","TOT","HR_WKD","A","2021",1382,
"MEX","HRWKD","TOT","HR_WKD","A","1991",2113,
"MEX","HRWKD","TOT","HR_WKD","A","1992",2104,
"MEX","HRWKD","TOT","HR_WKD","A","1993",2112,
"MEX","HRWKD","TOT","HR_WKD","A","1994",2146,
"MEX","HRWKD","TOT","HR_WKD","A","1995",2161,
"MEX","HRWKD","TOT","HR_WKD","A","1996",2192,
"MEX","HRWKD","TOT","HR_WKD","A","1997",2241,
"MEX","HRWKD","TOT","HR_WKD","A","1998",2168,
"MEX","HRWKD","TOT","HR_WKD","A","1999",2242,
"MEX","HRWKD","TOT","HR_WKD","A","2000",2174,
"MEX","HRWKD","TOT","HR_WKD","A","2001",2146,
"MEX","HRWKD","TOT","HR_WKD","A","2002",2196,
"MEX","HRWKD","TOT","HR_WKD","A","2003",2143,
"MEX","HRWKD","TOT","HR_WKD","A","2004",2123,
"MEX","HRWKD","TOT","HR_WKD","A","2005",2105,
"MEX","HRWKD","TOT","HR_WKD","A","2006",2067,
"MEX","HRWKD","TOT","HR_WKD","A","2007",2045,
"MEX","HRWKD","TOT","HR_WKD","A","2008",2105,
"MEX","HRWKD","TOT","HR_WKD","A","2009",1973,
"MEX","HRWKD","TOT","HR_WKD","A","2010",2150,
"MEX","HRWKD","TOT","HR_WKD","A","2011",2121,
"MEX","HRWKD","TOT","HR_WKD","A","2012",2120,
"MEX","HRWKD","TOT","HR_WKD","A","2013",2136,
"MEX","HRWKD","TOT","HR_WKD","A","2014",2134.05959674238,
"MEX","HRWKD","TOT","HR_WKD","A","2015",2139.8933018532,
"MEX","HRWKD","TOT","HR_WKD","A","2016",2145.88758683254,
"MEX","HRWKD","TOT","HR_WKD","A","2017",2148.53849544537,
"MEX","HRWKD","TOT","HR_WKD","A","2018",2149.40816249208,
"MEX","HRWKD","TOT","HR_WKD","A","2019",2138.88973353248,
"MEX","HRWKD","TOT","HR_WKD","A","2020",2123.53725184504,
"MEX","HRWKD","TOT","HR_WKD","A","2021",2127.80798709157,
"NLD","HRWKD","TOT","HR_WKD","A","1970",1809,
"NLD","HRWKD","TOT","HR_WKD","A","1971",1777,
"NLD","HRWKD","TOT","HR_WKD","A","1972",1775,
"NLD","HRWKD","TOT","HR_WKD","A","1973",1749,
"NLD","HRWKD","TOT","HR_WKD","A","1974",1696,
"NLD","HRWKD","TOT","HR_WKD","A","1975",1644,
"NLD","HRWKD","TOT","HR_WKD","A","1976",1628,
"NLD","HRWKD","TOT","HR_WKD","A","1977",1608,
"NLD","HRWKD","TOT","HR_WKD","A","1978",1580,
"NLD","HRWKD","TOT","HR_WKD","A","1979",1559,
"NLD","HRWKD","TOT","HR_WKD","A","1980",1556,
"NLD","HRWKD","TOT","HR_WKD","A","1981",1556,
"NLD","HRWKD","TOT","HR_WKD","A","1982",1542,
"NLD","HRWKD","TOT","HR_WKD","A","1983",1527,
"NLD","HRWKD","TOT","HR_WKD","A","1984",1519,
"NLD","HRWKD","TOT","HR_WKD","A","1985",1502,
"NLD","HRWKD","TOT","HR_WKD","A","1986",1488,
"NLD","HRWKD","TOT","HR_WKD","A","1987",1467,
"NLD","HRWKD","TOT","HR_WKD","A","1988",1464,
"NLD","HRWKD","TOT","HR_WKD","A","1989",1459,
"NLD","HRWKD","TOT","HR_WKD","A","1990",1454,
"NLD","HRWKD","TOT","HR_WKD","A","1991",1444,
"NLD","HRWKD","TOT","HR_WKD","A","1992",1451,
"NLD","HRWKD","TOT","HR_WKD","A","1993",1440,
"NLD","HRWKD","TOT","HR_WKD","A","1994",1447,
"NLD","HRWKD","TOT","HR_WKD","A","1995",1481.55820033021,
"NLD","HRWKD","TOT","HR_WKD","A","1996",1496.45040431267,
"NLD","HRWKD","TOT","HR_WKD","A","1997",1481.96731171548,
"NLD","HRWKD","TOT","HR_WKD","A","1998",1478.72183908046,
"NLD","HRWKD","TOT","HR_WKD","A","1999",1477.17405338299,
"NLD","HRWKD","TOT","HR_WKD","A","2000",1464.06144093624,
"NLD","HRWKD","TOT","HR_WKD","A","2001",1454.07684952791,
"NLD","HRWKD","TOT","HR_WKD","A","2002",1436.37664649341,
"NLD","HRWKD","TOT","HR_WKD","A","2003",1427.82780429594,
"NLD","HRWKD","TOT","HR_WKD","A","2004",1447.89523234762,
"NLD","HRWKD","TOT","HR_WKD","A","2005",1433.6118705036,
"NLD","HRWKD","TOT","HR_WKD","A","2006",1430.44713061847,
"NLD","HRWKD","TOT","HR_WKD","A","2007",1429.1720246238,
"NLD","HRWKD","TOT","HR_WKD","A","2008",1428.56623667975,
"NLD","HRWKD","TOT","HR_WKD","A","2009",1420.04706414753,
"NLD","HRWKD","TOT","HR_WKD","A","2010",1419.63344344458,
"NLD","HRWKD","TOT","HR_WKD","A","2011",1420.18023715415,
"NLD","HRWKD","TOT","HR_WKD","A","2012",1410.50978838972,
"NLD","HRWKD","TOT","HR_WKD","A","2013",1414.6989579755,
"NLD","HRWKD","TOT","HR_WKD","A","2014",1425.5953008596,
"NLD","HRWKD","TOT","HR_WKD","A","2015",1425.81357856494,
"NLD","HRWKD","TOT","HR_WKD","A","2016",1437.30940400313,
"NLD","HRWKD","TOT","HR_WKD","A","2017",1436.76564376979,
"NLD","HRWKD","TOT","HR_WKD","A","2018",1436.06016156463,
"NLD","HRWKD","TOT","HR_WKD","A","2019",1438.52012093411,
"NLD","HRWKD","TOT","HR_WKD","A","2020",1406.86703688181,
"NLD","HRWKD","TOT","HR_WKD","A","2021",1416.54266598044,
"NZL","HRWKD","TOT","HR_WKD","A","1986",1834,
"NZL","HRWKD","TOT","HR_WKD","A","1987",1838,
"NZL","HRWKD","TOT","HR_WKD","A","1988",1829,
"NZL","HRWKD","TOT","HR_WKD","A","1989",1820,
"NZL","HRWKD","TOT","HR_WKD","A","1990",1809,
"NZL","HRWKD","TOT","HR_WKD","A","1991",1792,
"NZL","HRWKD","TOT","HR_WKD","A","1992",1799,
"NZL","HRWKD","TOT","HR_WKD","A","1993",1853,
"NZL","HRWKD","TOT","HR_WKD","A","1994",1848,
"NZL","HRWKD","TOT","HR_WKD","A","1995",1841,
"NZL","HRWKD","TOT","HR_WKD","A","1996",1834,
"NZL","HRWKD","TOT","HR_WKD","A","1997",1826,
"NZL","HRWKD","TOT","HR_WKD","A","1998",1829,
"NZL","HRWKD","TOT","HR_WKD","A","1999",1845,
"NZL","HRWKD","TOT","HR_WKD","A","2000",1836,
"NZL","HRWKD","TOT","HR_WKD","A","2001",1825,
"NZL","HRWKD","TOT","HR_WKD","A","2002",1826,
"NZL","HRWKD","TOT","HR_WKD","A","2003",1823,
"NZL","HRWKD","TOT","HR_WKD","A","2004",1830,
"NZL","HRWKD","TOT","HR_WKD","A","2005",1815,
"NZL","HRWKD","TOT","HR_WKD","A","2006",1795,
"NZL","HRWKD","TOT","HR_WKD","A","2007",1774,
"NZL","HRWKD","TOT","HR_WKD","A","2008",1761,
"NZL","HRWKD","TOT","HR_WKD","A","2009",1740,
"NZL","HRWKD","TOT","HR_WKD","A","2010",1755,
"NZL","HRWKD","TOT","HR_WKD","A","2011",1746,
"NZL","HRWKD","TOT","HR_WKD","A","2012",1734,
"NZL","HRWKD","TOT","HR_WKD","A","2013",1756,
"NZL","HRWKD","TOT","HR_WKD","A","2014",1758,
"NZL","HRWKD","TOT","HR_WKD","A","2015",1753,
"NZL","HRWKD","TOT","HR_WKD","A","2016",1754,
"NZL","HRWKD","TOT","HR_WKD","A","2017",1756,
"NZL","HRWKD","TOT","HR_WKD","A","2018",1759,
"NZL","HRWKD","TOT","HR_WKD","A","2019",1783,
"NZL","HRWKD","TOT","HR_WKD","A","2020",1739,
"NZL","HRWKD","TOT","HR_WKD","A","2021",1730,
"NOR","HRWKD","TOT","HR_WKD","A","1962",1995,
"NOR","HRWKD","TOT","HR_WKD","A","1963",1986,
"NOR","HRWKD","TOT","HR_WKD","A","1964",1996,
"NOR","HRWKD","TOT","HR_WKD","A","1965",1951,
"NOR","HRWKD","TOT","HR_WKD","A","1966",1952,
"NOR","HRWKD","TOT","HR_WKD","A","1967",1936,
"NOR","HRWKD","TOT","HR_WKD","A","1968",1897,
"NOR","HRWKD","TOT","HR_WKD","A","1969",1849,
"NOR","HRWKD","TOT","HR_WKD","A","1970",1819.1,
"NOR","HRWKD","TOT","HR_WKD","A","1971",1798.1,
"NOR","HRWKD","TOT","HR_WKD","A","1972",1765.6,
"NOR","HRWKD","TOT","HR_WKD","A","1973",1751.5,
"NOR","HRWKD","TOT","HR_WKD","A","1974",1730.9,
"NOR","HRWKD","TOT","HR_WKD","A","1975",1715.3,
"NOR","HRWKD","TOT","HR_WKD","A","1976",1662.9,
"NOR","HRWKD","TOT","HR_WKD","A","1977",1627.4,
"NOR","HRWKD","TOT","HR_WKD","A","1978",1591.6,
"NOR","HRWKD","TOT","HR_WKD","A","1979",1569.4,
"NOR","HRWKD","TOT","HR_WKD","A","1980",1569.4,
"NOR","HRWKD","TOT","HR_WKD","A","1981",1560.5,
"NOR","HRWKD","TOT","HR_WKD","A","1982",1549.4,
"NOR","HRWKD","TOT","HR_WKD","A","1983",1542.8,
"NOR","HRWKD","TOT","HR_WKD","A","1984",1537.9,
"NOR","HRWKD","TOT","HR_WKD","A","1985",1532,
"NOR","HRWKD","TOT","HR_WKD","A","1986",1527.8,
"NOR","HRWKD","TOT","HR_WKD","A","1987",1500.8,
"NOR","HRWKD","TOT","HR_WKD","A","1988",1503.6,
"NOR","HRWKD","TOT","HR_WKD","A","1989",1500.6,
"NOR","HRWKD","TOT","HR_WKD","A","1990",1492.8,
"NOR","HRWKD","TOT","HR_WKD","A","1991",1490.2,
"NOR","HRWKD","TOT","HR_WKD","A","1992",1499.6,
"NOR","HRWKD","TOT","HR_WKD","A","1993",1496.8,
"NOR","HRWKD","TOT","HR_WKD","A","1994",1494.9,
"NOR","HRWKD","TOT","HR_WKD","A","1995",1478.3,
"NOR","HRWKD","TOT","HR_WKD","A","1996",1473.6,
"NOR","HRWKD","TOT","HR_WKD","A","1997",1468.4,
"NOR","HRWKD","TOT","HR_WKD","A","1998",1466.6,
"NOR","HRWKD","TOT","HR_WKD","A","1999",1465.5,
"NOR","HRWKD","TOT","HR_WKD","A","2000",1448.1,
"NOR","HRWKD","TOT","HR_WKD","A","2001",1424,
"NOR","HRWKD","TOT","HR_WKD","A","2002",1411.8,
"NOR","HRWKD","TOT","HR_WKD","A","2003",1401,
"NOR","HRWKD","TOT","HR_WKD","A","2004",1423.1,
"NOR","HRWKD","TOT","HR_WKD","A","2005",1428.5,
"NOR","HRWKD","TOT","HR_WKD","A","2006",1426.4,
"NOR","HRWKD","TOT","HR_WKD","A","2007",1438.3,
"NOR","HRWKD","TOT","HR_WKD","A","2008",1443,
"NOR","HRWKD","TOT","HR_WKD","A","2009",1421.8,
"NOR","HRWKD","TOT","HR_WKD","A","2010",1429.8,
"NOR","HRWKD","TOT","HR_WKD","A","2011",1434.7,
"NOR","HRWKD","TOT","HR_WKD","A","2012",1431.1,
"NOR","HRWKD","TOT","HR_WKD","A","2013",1421.3,
"NOR","HRWKD","TOT","HR_WKD","A","2014",1424.1,
"NOR","HRWKD","TOT","HR_WKD","A","2015",1426.6,
"NOR","HRWKD","TOT","HR_WKD","A","2016",1430,
"NOR","HRWKD","TOT","HR_WKD","A","2017",1419.5,
"NOR","HRWKD","TOT","HR_WKD","A","2018",1419.2,
"NOR","HRWKD","TOT","HR_WKD","A","2019",1418.6,
"NOR","HRWKD","TOT","HR_WKD","A","2020",1410.7,
"NOR","HRWKD","TOT","HR_WKD","A","2021",1427.1,
"POL","HRWKD","TOT","HR_WKD","A","1993",1903.24490821715,
"POL","HRWKD","TOT","HR_WKD","A","1994",1940.73847582743,
"POL","HRWKD","TOT","HR_WKD","A","1995",1903.24490821715,
"POL","HRWKD","TOT","HR_WKD","A","1996",1917.52817206868,
"POL","HRWKD","TOT","HR_WKD","A","1997",1912.17194812436,
"POL","HRWKD","TOT","HR_WKD","A","1998",1888.96164436561,
"POL","HRWKD","TOT","HR_WKD","A","1999",1874.97978290228,
"POL","HRWKD","TOT","HR_WKD","A","2000",1858.33954713004,
"POL","HRWKD","TOT","HR_WKD","A","2001",1860.11914492274,
"POL","HRWKD","TOT","HR_WKD","A","2002",1855.4630962025,
"POL","HRWKD","TOT","HR_WKD","A","2003",1860.5487503757,
"POL","HRWKD","TOT","HR_WKD","A","2004",1860.87076960028,
"POL","HRWKD","TOT","HR_WKD","A","2005",1855.97484430214,
"POL","HRWKD","TOT","HR_WKD","A","2006",1857.34162204371,
"POL","HRWKD","TOT","HR_WKD","A","2007",1854.69471995654,
"POL","HRWKD","TOT","HR_WKD","A","2008",1847.5401655774,
"POL","HRWKD","TOT","HR_WKD","A","2009",1833.61401955618,
"POL","HRWKD","TOT","HR_WKD","A","2010",1828.97195709789,
"POL","HRWKD","TOT","HR_WKD","A","2011",1824.3298592666,
"POL","HRWKD","TOT","HR_WKD","A","2012",1819.68780545571,
"POL","HRWKD","TOT","HR_WKD","A","2013",1816.43354096584,
"POL","HRWKD","TOT","HR_WKD","A","2014",1822.29621732071,
"POL","HRWKD","TOT","HR_WKD","A","2015",1829.15863821352,
"POL","HRWKD","TOT","HR_WKD","A","2016",1831.36379757007,
"POL","HRWKD","TOT","HR_WKD","A","2017",1811.61621665347,
"POL","HRWKD","TOT","HR_WKD","A","2018",1787.32860357238,
"POL","HRWKD","TOT","HR_WKD","A","2019",1782.62521918646,
"POL","HRWKD","TOT","HR_WKD","A","2020",1768.75639746518,
"POL","HRWKD","TOT","HR_WKD","A","2021",1830.23680735821,
"PRT","HRWKD","TOT","HR_WKD","A","1970",1963.47897461718,
"PRT","HRWKD","TOT","HR_WKD","A","1971",1950.57347900937,
"PRT","HRWKD","TOT","HR_WKD","A","1972",1938.5898045164,
"PRT","HRWKD","TOT","HR_WKD","A","1973",1926.60613002343,
"PRT","HRWKD","TOT","HR_WKD","A","1974",1914.62245553046,
"PRT","HRWKD","TOT","HR_WKD","A","1975",1903.56060215234,
"PRT","HRWKD","TOT","HR_WKD","A","1976",1892.49874877421,
"PRT","HRWKD","TOT","HR_WKD","A","1977",1881.43689539609,
"PRT","HRWKD","TOT","HR_WKD","A","1978",1870.37504201796,
"PRT","HRWKD","TOT","HR_WKD","A","1979",1859.31318863984,
"PRT","HRWKD","TOT","HR_WKD","A","1980",1849.17315637656,
"PRT","HRWKD","TOT","HR_WKD","A","1981",1838.11130299843,
"PRT","HRWKD","TOT","HR_WKD","A","1982",1827.04944962031,
"PRT","HRWKD","TOT","HR_WKD","A","1983",1816.90941735702,
"PRT","HRWKD","TOT","HR_WKD","A","1984",1805.8475639789,
"PRT","HRWKD","TOT","HR_WKD","A","1985",1795.70753171562,
"PRT","HRWKD","TOT","HR_WKD","A","1986",1784.64567833749,
"PRT","HRWKD","TOT","HR_WKD","A","1987",1799.39481617499,
"PRT","HRWKD","TOT","HR_WKD","A","1988",1798.47299506015,
"PRT","HRWKD","TOT","HR_WKD","A","1989",1817.83123847187,
"PRT","HRWKD","TOT","HR_WKD","A","1990",1805.8475639789,
"PRT","HRWKD","TOT","HR_WKD","A","1991",1739.47644371015,
"PRT","HRWKD","TOT","HR_WKD","A","1992",1682.32353458984,
"PRT","HRWKD","TOT","HR_WKD","A","1993",1684.16717681952,
"PRT","HRWKD","TOT","HR_WKD","A","1994",1691.54174573827,
"PRT","HRWKD","TOT","HR_WKD","A","1995",1749.35488220426,
"PRT","HRWKD","TOT","HR_WKD","A","1996",1750.32589688575,
"PRT","HRWKD","TOT","HR_WKD","A","1997",1745.6707629641,
"PRT","HRWKD","TOT","HR_WKD","A","1998",1759.92789096011,
"PRT","HRWKD","TOT","HR_WKD","A","1999",1761.55795019222,
"PRT","HRWKD","TOT","HR_WKD","A","2000",1770.41368141025,
"PRT","HRWKD","TOT","HR_WKD","A","2001",1755.08378053671,
"PRT","HRWKD","TOT","HR_WKD","A","2002",1748.68024544364,
"PRT","HRWKD","TOT","HR_WKD","A","2003",1742.20048268816,
"PRT","HRWKD","TOT","HR_WKD","A","2004",1747.85220431788,
"PRT","HRWKD","TOT","HR_WKD","A","2005",1749.74947786644,
"PRT","HRWKD","TOT","HR_WKD","A","2006",1738.86552855398,
"PRT","HRWKD","TOT","HR_WKD","A","2007",1754.67235466955,
"PRT","HRWKD","TOT","HR_WKD","A","2008",1742.57685007047,
"PRT","HRWKD","TOT","HR_WKD","A","2009",1742.97524350624,
"PRT","HRWKD","TOT","HR_WKD","A","2010",1745.59501344182,
"PRT","HRWKD","TOT","HR_WKD","A","2011",1724.36234118751,
"PRT","HRWKD","TOT","HR_WKD","A","2012",1708.21794696756,
"PRT","HRWKD","TOT","HR_WKD","A","2013",1717.55337135112,
"PRT","HRWKD","TOT","HR_WKD","A","2014",1724.57550480372,
"PRT","HRWKD","TOT","HR_WKD","A","2015",1731.7335114217,
"PRT","HRWKD","TOT","HR_WKD","A","2016",1737.47606434054,
"PRT","HRWKD","TOT","HR_WKD","A","2017",1727.14047263943,
"PRT","HRWKD","TOT","HR_WKD","A","2018",1737.70375215135,
"PRT","HRWKD","TOT","HR_WKD","A","2019",1743.93031905266,
"PRT","HRWKD","TOT","HR_WKD","A","2020",1611.19346205528,
"PRT","HRWKD","TOT","HR_WKD","A","2021",1648.9427488591,
"SVK","HRWKD","TOT","HR_WKD","A","1995",1853,
"SVK","HRWKD","TOT","HR_WKD","A","1996",1820,
"SVK","HRWKD","TOT","HR_WKD","A","1997",1830,
"SVK","HRWKD","TOT","HR_WKD","A","1998",1822,
"SVK","HRWKD","TOT","HR_WKD","A","1999",1816,
"SVK","HRWKD","TOT","HR_WKD","A","2000",1816,
"SVK","HRWKD","TOT","HR_WKD","A","2001",1801,
"SVK","HRWKD","TOT","HR_WKD","A","2002",1754,
"SVK","HRWKD","TOT","HR_WKD","A","2003",1698,
"SVK","HRWKD","TOT","HR_WKD","A","2004",1742,
"SVK","HRWKD","TOT","HR_WKD","A","2005",1769,
"SVK","HRWKD","TOT","HR_WKD","A","2006",1774,
"SVK","HRWKD","TOT","HR_WKD","A","2007",1791,
"SVK","HRWKD","TOT","HR_WKD","A","2008",1793,
"SVK","HRWKD","TOT","HR_WKD","A","2009",1780,
"SVK","HRWKD","TOT","HR_WKD","A","2010",1805,
"SVK","HRWKD","TOT","HR_WKD","A","2011",1793,
"SVK","HRWKD","TOT","HR_WKD","A","2012",1789,
"SVK","HRWKD","TOT","HR_WKD","A","2013",1772,
"SVK","HRWKD","TOT","HR_WKD","A","2014",1760,
"SVK","HRWKD","TOT","HR_WKD","A","2015",1754,
"SVK","HRWKD","TOT","HR_WKD","A","2016",1740,
"SVK","HRWKD","TOT","HR_WKD","A","2017",1713.78384120432,
"SVK","HRWKD","TOT","HR_WKD","A","2018",1703.92396055708,
"SVK","HRWKD","TOT","HR_WKD","A","2019",1691.98630781248,
"SVK","HRWKD","TOT","HR_WKD","A","2020",1571.98039240206,
"SVK","HRWKD","TOT","HR_WKD","A","2021",1583.15940762679,
"ESP","HRWKD","TOT","HR_WKD","A","1977",2036.3,
"ESP","HRWKD","TOT","HR_WKD","A","1978",2004.9,
"ESP","HRWKD","TOT","HR_WKD","A","1979",1954.3,
"ESP","HRWKD","TOT","HR_WKD","A","1980",1936,
"ESP","HRWKD","TOT","HR_WKD","A","1981",1901.6,
"ESP","HRWKD","TOT","HR_WKD","A","1982",1880.3,
"ESP","HRWKD","TOT","HR_WKD","A","1983",1847.9,
"ESP","HRWKD","TOT","HR_WKD","A","1984",1803.4,
"ESP","HRWKD","TOT","HR_WKD","A","1985",1793.3,
"ESP","HRWKD","TOT","HR_WKD","A","1986",1785.2,
"ESP","HRWKD","TOT","HR_WKD","A","1987",1777.1,
"ESP","HRWKD","TOT","HR_WKD","A","1988",1773,
"ESP","HRWKD","TOT","HR_WKD","A","1989",1760.9,
"ESP","HRWKD","TOT","HR_WKD","A","1990",1762.9,
"ESP","HRWKD","TOT","HR_WKD","A","1991",1772,
"ESP","HRWKD","TOT","HR_WKD","A","1992",1763.9,
"ESP","HRWKD","TOT","HR_WKD","A","1993",1755.8,
"ESP","HRWKD","TOT","HR_WKD","A","1994",1754.8,
"ESP","HRWKD","TOT","HR_WKD","A","1995",1754.8,
"ESP","HRWKD","TOT","HR_WKD","A","1996",1749.7,
"ESP","HRWKD","TOT","HR_WKD","A","1997",1749.7,
"ESP","HRWKD","TOT","HR_WKD","A","1998",1753.8,
"ESP","HRWKD","TOT","HR_WKD","A","1999",1753.8,
"ESP","HRWKD","TOT","HR_WKD","A","2000",1752.8,
"ESP","HRWKD","TOT","HR_WKD","A","2001",1762.1,
"ESP","HRWKD","TOT","HR_WKD","A","2002",1763.6,
"ESP","HRWKD","TOT","HR_WKD","A","2003",1754.6,
"ESP","HRWKD","TOT","HR_WKD","A","2004",1739.9,
"ESP","HRWKD","TOT","HR_WKD","A","2005",1723.7,
"ESP","HRWKD","TOT","HR_WKD","A","2006",1713.7,
"ESP","HRWKD","TOT","HR_WKD","A","2007",1701.3,
"ESP","HRWKD","TOT","HR_WKD","A","2008",1710.1,
"ESP","HRWKD","TOT","HR_WKD","A","2009",1715.8,
"ESP","HRWKD","TOT","HR_WKD","A","2010",1705.8,
"ESP","HRWKD","TOT","HR_WKD","A","2011",1710.7,
"ESP","HRWKD","TOT","HR_WKD","A","2012",1696.7,
"ESP","HRWKD","TOT","HR_WKD","A","2013",1689.8,
"ESP","HRWKD","TOT","HR_WKD","A","2014",1690.6,
"ESP","HRWKD","TOT","HR_WKD","A","2015",1694.2,
"ESP","HRWKD","TOT","HR_WKD","A","2016",1701.5,
"ESP","HRWKD","TOT","HR_WKD","A","2017",1692.4,
"ESP","HRWKD","TOT","HR_WKD","A","2018",1697.62195152733,
"ESP","HRWKD","TOT","HR_WKD","A","2019",1682.93641908017,
"ESP","HRWKD","TOT","HR_WKD","A","2020",1569.67218571875,
"ESP","HRWKD","TOT","HR_WKD","A","2021",1640.94070030968,
"SWE","HRWKD","TOT","HR_WKD","A","1950",1820.79461150236,
"SWE","HRWKD","TOT","HR_WKD","A","1951",1812.66606412958,
"SWE","HRWKD","TOT","HR_WKD","A","1952",1812.66606412958,
"SWE","HRWKD","TOT","HR_WKD","A","1953",1794.6026255234,
"SWE","HRWKD","TOT","HR_WKD","A","1954",1804.5375167568,
"SWE","HRWKD","TOT","HR_WKD","A","1955",1794.6026255234,
"SWE","HRWKD","TOT","HR_WKD","A","1956",1772.02332726569,
"SWE","HRWKD","TOT","HR_WKD","A","1957",1772.02332726569,
"SWE","HRWKD","TOT","HR_WKD","A","1958",1743.12182549581,
"SWE","HRWKD","TOT","HR_WKD","A","1959",1719.63935530778,
"SWE","HRWKD","TOT","HR_WKD","A","1960",1715.12349565624,
"SWE","HRWKD","TOT","HR_WKD","A","1961",1716.92983951685,
"SWE","HRWKD","TOT","HR_WKD","A","1962",1706.09177635315,
"SWE","HRWKD","TOT","HR_WKD","A","1963",1700.6727447713,
"SWE","HRWKD","TOT","HR_WKD","A","1964",1672.67441493173,
"SWE","HRWKD","TOT","HR_WKD","A","1965",1662.73952369833,
"SWE","HRWKD","TOT","HR_WKD","A","1966",1650.09511667401,
"SWE","HRWKD","TOT","HR_WKD","A","1967",1622.09678683444,
"SWE","HRWKD","TOT","HR_WKD","A","1968",1583.26039383117,
"SWE","HRWKD","TOT","HR_WKD","A","1969",1562.48743943407,
"SWE","HRWKD","TOT","HR_WKD","A","1970",1562.48743943407,
"SWE","HRWKD","TOT","HR_WKD","A","1971",1533.58593766419,
"SWE","HRWKD","TOT","HR_WKD","A","1972",1497.45906045184,
"SWE","HRWKD","TOT","HR_WKD","A","1973",1483.0083095669,
"SWE","HRWKD","TOT","HR_WKD","A","1974",1465.84804289103,
"SWE","HRWKD","TOT","HR_WKD","A","1975",1444.17191656362,
"SWE","HRWKD","TOT","HR_WKD","A","1976",1452.3004639364,
"SWE","HRWKD","TOT","HR_WKD","A","1977",1427.91482181807,
"SWE","HRWKD","TOT","HR_WKD","A","1978",1391.78794460572,
"SWE","HRWKD","TOT","HR_WKD","A","1979",1381.85305337232,
"SWE","HRWKD","TOT","HR_WKD","A","1980",1380.04670951171,
"SWE","HRWKD","TOT","HR_WKD","A","1981",1371.91816213893,
"SWE","HRWKD","TOT","HR_WKD","A","1982",1384.56256916325,
"SWE","HRWKD","TOT","HR_WKD","A","1983",1393.59428846634,
"SWE","HRWKD","TOT","HR_WKD","A","1984",1396.30380425726,
"SWE","HRWKD","TOT","HR_WKD","A","1985",1399.9164919785,
"SWE","HRWKD","TOT","HR_WKD","A","1986",1398.11014811788,
"SWE","HRWKD","TOT","HR_WKD","A","1987",1407.14186742097,
"SWE","HRWKD","TOT","HR_WKD","A","1988",1425.20530602714,
"SWE","HRWKD","TOT","HR_WKD","A","1989",1423.39896216652,
"SWE","HRWKD","TOT","HR_WKD","A","1990",1420.6894463756,
"SWE","HRWKD","TOT","HR_WKD","A","1991",1408.04503935128,
"SWE","HRWKD","TOT","HR_WKD","A","1992",1424.30213409683,
"SWE","HRWKD","TOT","HR_WKD","A","1993",1440.55922884239,
"SWE","HRWKD","TOT","HR_WKD","A","1994",1474.87976219412,
"SWE","HRWKD","TOT","HR_WKD","A","1995",1481.56013915233,
"SWE","HRWKD","TOT","HR_WKD","A","1996",1492.86502947426,
"SWE","HRWKD","TOT","HR_WKD","A","1997",1497.28555244863,
"SWE","HRWKD","TOT","HR_WKD","A","1998",1496.33721836349,
"SWE","HRWKD","TOT","HR_WKD","A","1999",1504.89135750424,
"SWE","HRWKD","TOT","HR_WKD","A","2000",1485.59549958848,
"SWE","HRWKD","TOT","HR_WKD","A","2001",1464.50008655287,
"SWE","HRWKD","TOT","HR_WKD","A","2002",1443.66342756516,
"SWE","HRWKD","TOT","HR_WKD","A","2003",1431.29835025705,
"SWE","HRWKD","TOT","HR_WKD","A","2004",1452.61239911565,
"SWE","HRWKD","TOT","HR_WKD","A","2005",1451.47568511689,
"SWE","HRWKD","TOT","HR_WKD","A","2006",1450.11726826222,
"SWE","HRWKD","TOT","HR_WKD","A","2007",1461.68670158821,
"SWE","HRWKD","TOT","HR_WKD","A","2008",1471.28275495887,
"SWE","HRWKD","TOT","HR_WKD","A","2009",1457.93161385157,
"SWE","HRWKD","TOT","HR_WKD","A","2010",1483.01758914872,
"SWE","HRWKD","TOT","HR_WKD","A","2011",1483.8625893551,
"SWE","HRWKD","TOT","HR_WKD","A","2012",1471.37194201233,
"SWE","HRWKD","TOT","HR_WKD","A","2013",1462.89289906718,
"SWE","HRWKD","TOT","HR_WKD","A","2014",1464.35975425907,
"SWE","HRWKD","TOT","HR_WKD","A","2015",1465.87117288071,
"SWE","HRWKD","TOT","HR_WKD","A","2016",1478.11109158103,
"SWE","HRWKD","TOT","HR_WKD","A","2017",1466.70910516774,
"SWE","HRWKD","TOT","HR_WKD","A","2018",1466.18058667684,
"SWE","HRWKD","TOT","HR_WKD","A","2019",1453.42360181864,
"SWE","HRWKD","TOT","HR_WKD","A","2020",1426.15544289783,
"SWE","HRWKD","TOT","HR_WKD","A","2021",1444.28508500871,
"CHE","HRWKD","TOT","HR_WKD","A","1991",1718.1,
"CHE","HRWKD","TOT","HR_WKD","A","1992",1725.4,
"CHE","HRWKD","TOT","HR_WKD","A","1993",1720.4,
"CHE","HRWKD","TOT","HR_WKD","A","1994",1739.7,
"CHE","HRWKD","TOT","HR_WKD","A","1995",1720.3,
"CHE","HRWKD","TOT","HR_WKD","A","1996",1696.9,
"CHE","HRWKD","TOT","HR_WKD","A","1997",1687.5,
"CHE","HRWKD","TOT","HR_WKD","A","1998",1695.5,
"CHE","HRWKD","TOT","HR_WKD","A","1999",1717.4,
"CHE","HRWKD","TOT","HR_WKD","A","2000",1712.7,
"CHE","HRWKD","TOT","HR_WKD","A","2001",1672.8,
"CHE","HRWKD","TOT","HR_WKD","A","2002",1651.3,
"CHE","HRWKD","TOT","HR_WKD","A","2003",1664.5,
"CHE","HRWKD","TOT","HR_WKD","A","2004",1695,
"CHE","HRWKD","TOT","HR_WKD","A","2005",1690,
"CHE","HRWKD","TOT","HR_WKD","A","2006",1679.2,
"CHE","HRWKD","TOT","HR_WKD","A","2007",1668.9,
"CHE","HRWKD","TOT","HR_WKD","A","2008",1659.5,
"CHE","HRWKD","TOT","HR_WKD","A","2009",1650.8,
"CHE","HRWKD","TOT","HR_WKD","A","2010",1611.23500886904,
"CHE","HRWKD","TOT","HR_WKD","A","2011",1608.30928393012,
"CHE","HRWKD","TOT","HR_WKD","A","2012",1592.56354785703,
"CHE","HRWKD","TOT","HR_WKD","A","2013",1572.68872051852,
"CHE","HRWKD","TOT","HR_WKD","A","2014",1564.47038560536,
"CHE","HRWKD","TOT","HR_WKD","A","2015",1576.61996224313,
"CHE","HRWKD","TOT","HR_WKD","A","2016",1577.04416248937,
"CHE","HRWKD","TOT","HR_WKD","A","2017",1559.09025293729,
"CHE","HRWKD","TOT","HR_WKD","A","2018",1551.41571943214,
"CHE","HRWKD","TOT","HR_WKD","A","2019",1549.43467859147,
"CHE","HRWKD","TOT","HR_WKD","A","2020",1498.49979109325,
"CHE","HRWKD","TOT","HR_WKD","A","2021",1533.30415801523,
"TUR","HRWKD","TOT","HR_WKD","A","1970",2086,
"TUR","HRWKD","TOT","HR_WKD","A","1971",2077,
"TUR","HRWKD","TOT","HR_WKD","A","1972",2069,
"TUR","HRWKD","TOT","HR_WKD","A","1973",2060,
"TUR","HRWKD","TOT","HR_WKD","A","1974",2044,
"TUR","HRWKD","TOT","HR_WKD","A","1975",2028,
"TUR","HRWKD","TOT","HR_WKD","A","1976",2012,
"TUR","HRWKD","TOT","HR_WKD","A","1977",1996,
"TUR","HRWKD","TOT","HR_WKD","A","1978",1980,
"TUR","HRWKD","TOT","HR_WKD","A","1979",1964,
"TUR","HRWKD","TOT","HR_WKD","A","1980",1957,
"TUR","HRWKD","TOT","HR_WKD","A","1981",1950,
"TUR","HRWKD","TOT","HR_WKD","A","1982",1943,
"TUR","HRWKD","TOT","HR_WKD","A","1983",1935,
"TUR","HRWKD","TOT","HR_WKD","A","1984",1871,
"TUR","HRWKD","TOT","HR_WKD","A","1985",1898,
"TUR","HRWKD","TOT","HR_WKD","A","1986",1883,
"TUR","HRWKD","TOT","HR_WKD","A","1987",1844,
"TUR","HRWKD","TOT","HR_WKD","A","1988",1837,
"TUR","HRWKD","TOT","HR_WKD","A","1989",1867,
"TUR","HRWKD","TOT","HR_WKD","A","1990",1866,
"TUR","HRWKD","TOT","HR_WKD","A","1991",1870,
"TUR","HRWKD","TOT","HR_WKD","A","1992",1897,
"TUR","HRWKD","TOT","HR_WKD","A","1993",1917,
"TUR","HRWKD","TOT","HR_WKD","A","1994",1886,
"TUR","HRWKD","TOT","HR_WKD","A","1995",1876,
"TUR","HRWKD","TOT","HR_WKD","A","1996",1892,
"TUR","HRWKD","TOT","HR_WKD","A","1997",1878,
"TUR","HRWKD","TOT","HR_WKD","A","1998",1884,
"TUR","HRWKD","TOT","HR_WKD","A","1999",1925,
"TUR","HRWKD","TOT","HR_WKD","A","2000",1937,
"TUR","HRWKD","TOT","HR_WKD","A","2001",1942,
"TUR","HRWKD","TOT","HR_WKD","A","2002",1943,
"TUR","HRWKD","TOT","HR_WKD","A","2003",1943,
"TUR","HRWKD","TOT","HR_WKD","A","2004",1918,
"TUR","HRWKD","TOT","HR_WKD","A","2005",1936,
"TUR","HRWKD","TOT","HR_WKD","A","2006",1944,
"TUR","HRWKD","TOT","HR_WKD","A","2007",1911,
"TUR","HRWKD","TOT","HR_WKD","A","2008",1900,
"TUR","HRWKD","TOT","HR_WKD","A","2009",1881,
"TUR","HRWKD","TOT","HR_WKD","A","2010",1877,
"TUR","HRWKD","TOT","HR_WKD","A","2011",1864,
"TUR","HRWKD","TOT","HR_WKD","A","2012",1855,
"TUR","HRWKD","TOT","HR_WKD","A","2013",1832,
"TUR","HRWKD","TOT","HR_WKD","A","2014",1829.54313813143,
"TUR","HRWKD","TOT","HR_WKD","A","2015",1810.70719713903,
"TUR","HRWKD","TOT","HR_WKD","A","2016",1789.41439427805,
"TUR","HRWKD","TOT","HR_WKD","A","2017",1775.4921770228,
"TUR","HRWKD","TOT","HR_WKD","A","2018",1745.19088064372,
"TUR","HRWKD","TOT","HR_WKD","A","2019",1732.08761734466,
"TUR","HRWKD","TOT","HR_WKD","A","2020",1572.39159588735,
"GBR","HRWKD","TOT","HR_WKD","A","1970",1775.23275347054,
"GBR","HRWKD","TOT","HR_WKD","A","1971",1740.40629780101,
"GBR","HRWKD","TOT","HR_WKD","A","1972",1709.24578483354,
"GBR","HRWKD","TOT","HR_WKD","A","1973",1760.56898266232,
"GBR","HRWKD","TOT","HR_WKD","A","1974",1724.82604131728,
"GBR","HRWKD","TOT","HR_WKD","A","1975",1720.24361293971,
"GBR","HRWKD","TOT","HR_WKD","A","1976",1704.66335645597,
"GBR","HRWKD","TOT","HR_WKD","A","1977",1687.2501286212,
"GBR","HRWKD","TOT","HR_WKD","A","1978",1668.92041511093,
"GBR","HRWKD","TOT","HR_WKD","A","1979",1661.58852970681,
"GBR","HRWKD","TOT","HR_WKD","A","1980",1619.43018863317,
"GBR","HRWKD","TOT","HR_WKD","A","1981",1567.19050512888,
"GBR","HRWKD","TOT","HR_WKD","A","1982",1580.93779026158,
"GBR","HRWKD","TOT","HR_WKD","A","1983",1568.10699080439,
"GBR","HRWKD","TOT","HR_WKD","A","1984",1582.77076161261,
"GBR","HRWKD","TOT","HR_WKD","A","1985",1613.01478890457,
"GBR","HRWKD","TOT","HR_WKD","A","1986",1615.76424593112,
"GBR","HRWKD","TOT","HR_WKD","A","1987",1605.68290350046,
"GBR","HRWKD","TOT","HR_WKD","A","1988",1642.34233052102,
"GBR","HRWKD","TOT","HR_WKD","A","1989",1631.34450241485,
"GBR","HRWKD","TOT","HR_WKD","A","1990",1617.59721728214,
"GBR","HRWKD","TOT","HR_WKD","A","1991",1614.8477602556,
"GBR","HRWKD","TOT","HR_WKD","A","1992",1582.77076161261,
"GBR","HRWKD","TOT","HR_WKD","A","1993",1577.27184755953,
"GBR","HRWKD","TOT","HR_WKD","A","1994",1586.43670431467,
"GBR","HRWKD","TOT","HR_WKD","A","1995",1586.43670431467,
"GBR","HRWKD","TOT","HR_WKD","A","1996",1586.43670431467,
"GBR","HRWKD","TOT","HR_WKD","A","1997",1586.43670431467,
"GBR","HRWKD","TOT","HR_WKD","A","1998",1581.8542759371,
"GBR","HRWKD","TOT","HR_WKD","A","1999",1572.68941918196,
"GBR","HRWKD","TOT","HR_WKD","A","2000",1558.02564837374,
"GBR","HRWKD","TOT","HR_WKD","A","2001",1562.60807675131,
"GBR","HRWKD","TOT","HR_WKD","A","2002",1543.36187756551,
"GBR","HRWKD","TOT","HR_WKD","A","2003",1534.19702081037,
"GBR","HRWKD","TOT","HR_WKD","A","2004",1533.82364916553,
"GBR","HRWKD","TOT","HR_WKD","A","2005",1544.03614916964,
"GBR","HRWKD","TOT","HR_WKD","A","2006",1536.39004010535,
"GBR","HRWKD","TOT","HR_WKD","A","2007",1541.16885827053,
"GBR","HRWKD","TOT","HR_WKD","A","2008",1524.92087650892,
"GBR","HRWKD","TOT","HR_WKD","A","2009",1516.3190038116,
"GBR","HRWKD","TOT","HR_WKD","A","2010",1507.23924929775,
"GBR","HRWKD","TOT","HR_WKD","A","2011",1515.36324017856,
"GBR","HRWKD","TOT","HR_WKD","A","2012",1531.05414767024,
"GBR","HRWKD","TOT","HR_WKD","A","2013",1533.51824163557,
"GBR","HRWKD","TOT","HR_WKD","A","2014",1542.21877782007,
"GBR","HRWKD","TOT","HR_WKD","A","2015",1525.12738239767,
"GBR","HRWKD","TOT","HR_WKD","A","2016",1541.27530613615,
"GBR","HRWKD","TOT","HR_WKD","A","2017",1535.67959843546,
"GBR","HRWKD","TOT","HR_WKD","A","2018",1536.17570701615,
"GBR","HRWKD","TOT","HR_WKD","A","2019",1537.04327841863,
"GBR","HRWKD","TOT","HR_WKD","A","2020",1363.76723547926,
"GBR","HRWKD","TOT","HR_WKD","A","2021",1497.37546260946,
"USA","HRWKD","TOT","HR_WKD","A","1950",1967.87679289051,
"USA","HRWKD","TOT","HR_WKD","A","1951",1986.5487601824,
"USA","HRWKD","TOT","HR_WKD","A","1952",1988.42339622591,
"USA","HRWKD","TOT","HR_WKD","A","1953",1993.14481464122,
"USA","HRWKD","TOT","HR_WKD","A","1954",1984.11755576478,
"USA","HRWKD","TOT","HR_WKD","A","1955",2003.20062733952,
"USA","HRWKD","TOT","HR_WKD","A","1956",2002.39,
"USA","HRWKD","TOT","HR_WKD","A","1957",1973.322,
"USA","HRWKD","TOT","HR_WKD","A","1958",1947.184,
"USA","HRWKD","TOT","HR_WKD","A","1959",1957.55711654667,
"USA","HRWKD","TOT","HR_WKD","A","1960",1952.19147388992,
"USA","HRWKD","TOT","HR_WKD","A","1961",1941.31106491116,
"USA","HRWKD","TOT","HR_WKD","A","1962",1959.5334516077,
"USA","HRWKD","TOT","HR_WKD","A","1963",1971.94381778428,
"USA","HRWKD","TOT","HR_WKD","A","1964",1975.36292035274,
"USA","HRWKD","TOT","HR_WKD","A","1965",1983.83330340989,
"USA","HRWKD","TOT","HR_WKD","A","1966",1973.71763031248,
"USA","HRWKD","TOT","HR_WKD","A","1967",1950.95219291563,
"USA","HRWKD","TOT","HR_WKD","A","1968",1939.72629279093,
"USA","HRWKD","TOT","HR_WKD","A","1969",1937.55208117623,
"USA","HRWKD","TOT","HR_WKD","A","1970",1906.6601750938,
"USA","HRWKD","TOT","HR_WKD","A","1971",1894.38031712151,
"USA","HRWKD","TOT","HR_WKD","A","1972",1889.8252240717,
"USA","HRWKD","TOT","HR_WKD","A","1973",1890.54156020917,
"USA","HRWKD","TOT","HR_WKD","A","1974",1859.64871890518,
"USA","HRWKD","TOT","HR_WKD","A","1975",1838.80930763197,
"USA","HRWKD","TOT","HR_WKD","A","1976",1840.6584248035,
"USA","HRWKD","TOT","HR_WKD","A","1977",1844.45790322937,
"USA","HRWKD","TOT","HR_WKD","A","1978",1835.82748338729,
"USA","HRWKD","TOT","HR_WKD","A","1979",1833.72416871697,
"USA","HRWKD","TOT","HR_WKD","A","1980",1816.09362765859,
"USA","HRWKD","TOT","HR_WKD","A","1981",1812.33244263063,
"USA","HRWKD","TOT","HR_WKD","A","1982",1803.33408760082,
"USA","HRWKD","TOT","HR_WKD","A","1983",1821.69075052853,
"USA","HRWKD","TOT","HR_WKD","A","1984",1839.05045553816,
"USA","HRWKD","TOT","HR_WKD","A","1985",1837.50025262449,
"USA","HRWKD","TOT","HR_WKD","A","1986",1829.23506978348,
"USA","HRWKD","TOT","HR_WKD","A","1987",1839.02369273155,
"USA","HRWKD","TOT","HR_WKD","A","1988",1837.30489350926,
"USA","HRWKD","TOT","HR_WKD","A","1989",1848.43333845786,
"USA","HRWKD","TOT","HR_WKD","A","1990",1832.50772095248,
"USA","HRWKD","TOT","HR_WKD","A","1991",1823.454,
"USA","HRWKD","TOT","HR_WKD","A","1992",1967.87679289051,
"USA","HRWKD","TOT","HR_WKD","A","1993",1967.87679289051,
"USA","HRWKD","TOT","HR_WKD","A","1994",1839.483,
"USA","HRWKD","TOT","HR_WKD","A","1995",1839.384,
"USA","HRWKD","TOT","HR_WKD","A","1996",1840.446,
"USA","HRWKD","TOT","HR_WKD","A","1997",1842.957,
"USA","HRWKD","TOT","HR_WKD","A","1998",1842.28,
"USA","HRWKD","TOT","HR_WKD","A","1999",1838.804,
"USA","HRWKD","TOT","HR_WKD","A","2000",1832.16,
"USA","HRWKD","TOT","HR_WKD","A","2001",1810.772,
"USA","HRWKD","TOT","HR_WKD","A","2002",1805.895,
"USA","HRWKD","TOT","HR_WKD","A","2003",1796.418,
"USA","HRWKD","TOT","HR_WKD","A","2004",1798.124,
"USA","HRWKD","TOT","HR_WKD","A","2005",1794.312,
"USA","HRWKD","TOT","HR_WKD","A","2006",1796.333,
"USA","HRWKD","TOT","HR_WKD","A","2007",1795.48745454545,
"USA","HRWKD","TOT","HR_WKD","A","2008",1786.23391666667,
"USA","HRWKD","TOT","HR_WKD","A","2009",1760.9085,
"USA","HRWKD","TOT","HR_WKD","A","2010",1771.556,
"USA","HRWKD","TOT","HR_WKD","A","2011",1778.3375,
"USA","HRWKD","TOT","HR_WKD","A","2012",1781.96783333333,
"USA","HRWKD","TOT","HR_WKD","A","2013",1780.353,
"USA","HRWKD","TOT","HR_WKD","A","2014",1781.96783333333,
"USA","HRWKD","TOT","HR_WKD","A","2015",1783.01666666667,
"USA","HRWKD","TOT","HR_WKD","A","2016",1778.41766666667,
"USA","HRWKD","TOT","HR_WKD","A","2017",1777.57066666667,
"USA","HRWKD","TOT","HR_WKD","A","2018",1781.56716666667,
"USA","HRWKD","TOT","HR_WKD","A","2019",1777.241,
"USA","HRWKD","TOT","HR_WKD","A","2020",1767.095,
"USA","HRWKD","TOT","HR_WKD","A","2021",1791,
"CHL","HRWKD","TOT","HR_WKD","A","1986",2399,
"CHL","HRWKD","TOT","HR_WKD","A","1987",2405,
"CHL","HRWKD","TOT","HR_WKD","A","1988",2411,
"CHL","HRWKD","TOT","HR_WKD","A","1989",2416,
"CHL","HRWKD","TOT","HR_WKD","A","1990",2422,
"CHL","HRWKD","TOT","HR_WKD","A","1991",2419,
"CHL","HRWKD","TOT","HR_WKD","A","1992",2415,
"CHL","HRWKD","TOT","HR_WKD","A","1993",2389,
"CHL","HRWKD","TOT","HR_WKD","A","1994",2364,
"CHL","HRWKD","TOT","HR_WKD","A","1995",2338,
"CHL","HRWKD","TOT","HR_WKD","A","1996",2313,
"CHL","HRWKD","TOT","HR_WKD","A","1997",2256,
"CHL","HRWKD","TOT","HR_WKD","A","1998",2299,
"CHL","HRWKD","TOT","HR_WKD","A","1999",2277,
"CHL","HRWKD","TOT","HR_WKD","A","2000",2263,
"CHL","HRWKD","TOT","HR_WKD","A","2001",2242,
"CHL","HRWKD","TOT","HR_WKD","A","2002",2250,
"CHL","HRWKD","TOT","HR_WKD","A","2003",2235,
"CHL","HRWKD","TOT","HR_WKD","A","2004",2232,
"CHL","HRWKD","TOT","HR_WKD","A","2005",2157,
"CHL","HRWKD","TOT","HR_WKD","A","2006",2165,
"CHL","HRWKD","TOT","HR_WKD","A","2007",2128,
"CHL","HRWKD","TOT","HR_WKD","A","2008",2095,
"CHL","HRWKD","TOT","HR_WKD","A","2009",2074,
"CHL","HRWKD","TOT","HR_WKD","A","2010",2069.8,
"CHL","HRWKD","TOT","HR_WKD","A","2011",2050.2,
"CHL","HRWKD","TOT","HR_WKD","A","2012",2027.4,
"CHL","HRWKD","TOT","HR_WKD","A","2013",2021.3,
"CHL","HRWKD","TOT","HR_WKD","A","2014",1994.4,
"CHL","HRWKD","TOT","HR_WKD","A","2015",1993.7,
"CHL","HRWKD","TOT","HR_WKD","A","2016",1977.5,
"CHL","HRWKD","TOT","HR_WKD","A","2017",1963.1,
"CHL","HRWKD","TOT","HR_WKD","A","2018",1955.5,
"CHL","HRWKD","TOT","HR_WKD","A","2019",1929.5,
"CHL","HRWKD","TOT","HR_WKD","A","2020",1825.3,
"CHL","HRWKD","TOT","HR_WKD","A","2021",1915.6,
"EST","HRWKD","TOT","HR_WKD","A","2000",1884,
"EST","HRWKD","TOT","HR_WKD","A","2001",1877,
"EST","HRWKD","TOT","HR_WKD","A","2002",1879,
"EST","HRWKD","TOT","HR_WKD","A","2003",1884,
"EST","HRWKD","TOT","HR_WKD","A","2004",1892,
"EST","HRWKD","TOT","HR_WKD","A","2005",1913,
"EST","HRWKD","TOT","HR_WKD","A","2006",1906,
"EST","HRWKD","TOT","HR_WKD","A","2007",1903,
"EST","HRWKD","TOT","HR_WKD","A","2008",1874,
"EST","HRWKD","TOT","HR_WKD","A","2009",1745,
"EST","HRWKD","TOT","HR_WKD","A","2010",1785,
"EST","HRWKD","TOT","HR_WKD","A","2011",1827,
"EST","HRWKD","TOT","HR_WKD","A","2012",1796,
"EST","HRWKD","TOT","HR_WKD","A","2013",1777,
"EST","HRWKD","TOT","HR_WKD","A","2014",1771,
"EST","HRWKD","TOT","HR_WKD","A","2015",1763,
"EST","HRWKD","TOT","HR_WKD","A","2016",1767,
"EST","HRWKD","TOT","HR_WKD","A","2017",1768,
"EST","HRWKD","TOT","HR_WKD","A","2018",1707.19346662839,
"EST","HRWKD","TOT","HR_WKD","A","2019",1694.39617724409,
"EST","HRWKD","TOT","HR_WKD","A","2020",1637.15602832168,
"EST","HRWKD","TOT","HR_WKD","A","2021",1767.05573109025,
"ISR","HRWKD","TOT","HR_WKD","A","1981",1966,
"ISR","HRWKD","TOT","HR_WKD","A","1982",1942.3,
"ISR","HRWKD","TOT","HR_WKD","A","1983",1929.1,
"ISR","HRWKD","TOT","HR_WKD","A","1984",1932.2,
"ISR","HRWKD","TOT","HR_WKD","A","1985",1932.1,
"ISR","HRWKD","TOT","HR_WKD","A","1986",1927,
"ISR","HRWKD","TOT","HR_WKD","A","1987",1921.2,
"ISR","HRWKD","TOT","HR_WKD","A","1988",1878.1,
"ISR","HRWKD","TOT","HR_WKD","A","1989",1909.1,
"ISR","HRWKD","TOT","HR_WKD","A","1990",1904,
"ISR","HRWKD","TOT","HR_WKD","A","1991",1897.3,
"ISR","HRWKD","TOT","HR_WKD","A","1992",1951.2,
"ISR","HRWKD","TOT","HR_WKD","A","1993",1953,
"ISR","HRWKD","TOT","HR_WKD","A","1994",1993.1,
"ISR","HRWKD","TOT","HR_WKD","A","1995",2013.8,
"ISR","HRWKD","TOT","HR_WKD","A","1996",2031,
"ISR","HRWKD","TOT","HR_WKD","A","1997",2036.3,
"ISR","HRWKD","TOT","HR_WKD","A","1998",2011.9,
"ISR","HRWKD","TOT","HR_WKD","A","1999",2021.09,
"ISR","HRWKD","TOT","HR_WKD","A","2000",2032.9,
"ISR","HRWKD","TOT","HR_WKD","A","2001",1996.1,
"ISR","HRWKD","TOT","HR_WKD","A","2002",2014.3,
"ISR","HRWKD","TOT","HR_WKD","A","2003",1997.5,
"ISR","HRWKD","TOT","HR_WKD","A","2004",1975,
"ISR","HRWKD","TOT","HR_WKD","A","2005",1966.4,
"ISR","HRWKD","TOT","HR_WKD","A","2006",1955,
"ISR","HRWKD","TOT","HR_WKD","A","2007",1966.5,
"ISR","HRWKD","TOT","HR_WKD","A","2008",1963.3,
"ISR","HRWKD","TOT","HR_WKD","A","2009",1962.5,
"ISR","HRWKD","TOT","HR_WKD","A","2010",1956.5,
"ISR","HRWKD","TOT","HR_WKD","A","2011",1947.2,
"ISR","HRWKD","TOT","HR_WKD","A","2012",1918.8,
"ISR","HRWKD","TOT","HR_WKD","A","2013",1908.2,
"ISR","HRWKD","TOT","HR_WKD","A","2014",1894.5,
"ISR","HRWKD","TOT","HR_WKD","A","2015",1895.4,
"ISR","HRWKD","TOT","HR_WKD","A","2016",1922.1,
"ISR","HRWKD","TOT","HR_WKD","A","2017",1918,
"ISR","HRWKD","TOT","HR_WKD","A","2018",1910.1,
"ISR","HRWKD","TOT","HR_WKD","A","2019",1898.1,
"ISR","HRWKD","TOT","HR_WKD","A","2020",1782.5,
"ISR","HRWKD","TOT","HR_WKD","A","2021",1752.8,
"RUS","HRWKD","TOT","HR_WKD","A","1992",1933,
"RUS","HRWKD","TOT","HR_WKD","A","1993",1939,
"RUS","HRWKD","TOT","HR_WKD","A","1994",1895,
"RUS","HRWKD","TOT","HR_WKD","A","1995",1891,
"RUS","HRWKD","TOT","HR_WKD","A","1996",1894,
"RUS","HRWKD","TOT","HR_WKD","A","1997",1951,
"RUS","HRWKD","TOT","HR_WKD","A","1998",1946,
"RUS","HRWKD","TOT","HR_WKD","A","1999",1964,
"RUS","HRWKD","TOT","HR_WKD","A","2000",1982,
"RUS","HRWKD","TOT","HR_WKD","A","2001",1980,
"RUS","HRWKD","TOT","HR_WKD","A","2002",1982,
"RUS","HRWKD","TOT","HR_WKD","A","2003",1993,
"RUS","HRWKD","TOT","HR_WKD","A","2004",1993,
"RUS","HRWKD","TOT","HR_WKD","A","2005",1989,
"RUS","HRWKD","TOT","HR_WKD","A","2006",1998,
"RUS","HRWKD","TOT","HR_WKD","A","2007",1999,
"RUS","HRWKD","TOT","HR_WKD","A","2008",1997,
"RUS","HRWKD","TOT","HR_WKD","A","2009",1974,
"RUS","HRWKD","TOT","HR_WKD","A","2010",1976,
"RUS","HRWKD","TOT","HR_WKD","A","2011",1979,
"RUS","HRWKD","TOT","HR_WKD","A","2012",1982,
"RUS","HRWKD","TOT","HR_WKD","A","2013",1980,
"RUS","HRWKD","TOT","HR_WKD","A","2014",1985,
"RUS","HRWKD","TOT","HR_WKD","A","2015",1978,
"RUS","HRWKD","TOT","HR_WKD","A","2016",1974,
"RUS","HRWKD","TOT","HR_WKD","A","2017",1979,
"RUS","HRWKD","TOT","HR_WKD","A","2018",1970,
"RUS","HRWKD","TOT","HR_WKD","A","2019",1965,
"RUS","HRWKD","TOT","HR_WKD","A","2020",1874,
"SVN","HRWKD","TOT","HR_WKD","A","1995",1755,
"SVN","HRWKD","TOT","HR_WKD","A","1996",1727,
"SVN","HRWKD","TOT","HR_WKD","A","1997",1715,
"SVN","HRWKD","TOT","HR_WKD","A","1998",1728,
"SVN","HRWKD","TOT","HR_WKD","A","1999",1730,
"SVN","HRWKD","TOT","HR_WKD","A","2000",1710.1,
"SVN","HRWKD","TOT","HR_WKD","A","2001",1695.9,
"SVN","HRWKD","TOT","HR_WKD","A","2002",1720.5,
"SVN","HRWKD","TOT","HR_WKD","A","2003",1723.8,
"SVN","HRWKD","TOT","HR_WKD","A","2004",1736.5,
"SVN","HRWKD","TOT","HR_WKD","A","2005",1696.6,
"SVN","HRWKD","TOT","HR_WKD","A","2006",1667.4,
"SVN","HRWKD","TOT","HR_WKD","A","2007",1654.9,
"SVN","HRWKD","TOT","HR_WKD","A","2008",1673.5,
"SVN","HRWKD","TOT","HR_WKD","A","2009",1679,
"SVN","HRWKD","TOT","HR_WKD","A","2010",1680.3,
"SVN","HRWKD","TOT","HR_WKD","A","2011",1663.4,
"SVN","HRWKD","TOT","HR_WKD","A","2012",1644.3,
"SVN","HRWKD","TOT","HR_WKD","A","2013",1662.2,
"SVN","HRWKD","TOT","HR_WKD","A","2014",1681.8,
"SVN","HRWKD","TOT","HR_WKD","A","2015",1687.3,
"SVN","HRWKD","TOT","HR_WKD","A","2016",1652.4,
"SVN","HRWKD","TOT","HR_WKD","A","2017",1621.92340587285,
"SVN","HRWKD","TOT","HR_WKD","A","2018",1599.10935830108,
"SVN","HRWKD","TOT","HR_WKD","A","2019",1601.83510272139,
"SVN","HRWKD","TOT","HR_WKD","A","2020",1533.82266949805,
"SVN","HRWKD","TOT","HR_WKD","A","2021",1596.39539162465,
"OECD","HRWKD","TOT","HR_WKD","A","1970",1966.68835891329,
"OECD","HRWKD","TOT","HR_WKD","A","1971",1959.93680348985,
"OECD","HRWKD","TOT","HR_WKD","A","1972",1951.42934313313,
"OECD","HRWKD","TOT","HR_WKD","A","1973",1948.8501103021,
"OECD","HRWKD","TOT","HR_WKD","A","1974",1928.33640182062,
"OECD","HRWKD","TOT","HR_WKD","A","1975",1916.82281330039,
"OECD","HRWKD","TOT","HR_WKD","A","1976",1918.1499269517,
"OECD","HRWKD","TOT","HR_WKD","A","1977",1913.62717215695,
"OECD","HRWKD","TOT","HR_WKD","A","1978",1905.4549212904,
"OECD","HRWKD","TOT","HR_WKD","A","1979",1901.774482596,
"OECD","HRWKD","TOT","HR_WKD","A","1980",1892.91047266397,
"OECD","HRWKD","TOT","HR_WKD","A","1981",1884.74726772077,
"OECD","HRWKD","TOT","HR_WKD","A","1982",1877.75820821343,
"OECD","HRWKD","TOT","HR_WKD","A","1983",1877.55693942953,
"OECD","HRWKD","TOT","HR_WKD","A","1984",1878.54715503811,
"OECD","HRWKD","TOT","HR_WKD","A","1985",1875.92974154391,
"OECD","HRWKD","TOT","HR_WKD","A","1986",1872.60935923767,
"OECD","HRWKD","TOT","HR_WKD","A","1987",1872.63820326937,
"OECD","HRWKD","TOT","HR_WKD","A","1988",1872.77394873878,
"OECD","HRWKD","TOT","HR_WKD","A","1989",1871.41678410209,
"OECD","HRWKD","TOT","HR_WKD","A","1990",1860.24107824309,
"OECD","HRWKD","TOT","HR_WKD","A","1991",1852.38948025863,
"OECD","HRWKD","TOT","HR_WKD","A","1992",1883.52555891359,
"OECD","HRWKD","TOT","HR_WKD","A","1993",1875.56371793044,
"OECD","HRWKD","TOT","HR_WKD","A","1994",1847.60422607776,
"OECD","HRWKD","TOT","HR_WKD","A","1995",1841.92822401265,
"OECD","HRWKD","TOT","HR_WKD","A","1996",1845.99838801203,
"OECD","HRWKD","TOT","HR_WKD","A","1997",1845.12446044167,
"OECD","HRWKD","TOT","HR_WKD","A","1998",1836.59840213156,
"OECD","HRWKD","TOT","HR_WKD","A","1999",1835.43520316041,
"OECD","HRWKD","TOT","HR_WKD","A","2000",1824.98615628252,
"OECD","HRWKD","TOT","HR_WKD","A","2001",1811.0844708002,
"OECD","HRWKD","TOT","HR_WKD","A","2002",1806.97683937476,
"OECD","HRWKD","TOT","HR_WKD","A","2003",1798.47610301317,
"OECD","HRWKD","TOT","HR_WKD","A","2004",1797.96683156125,
"OECD","HRWKD","TOT","HR_WKD","A","2005",1793.91439371837,
"OECD","HRWKD","TOT","HR_WKD","A","2006",1792.48068179107,
"OECD","HRWKD","TOT","HR_WKD","A","2007",1789.54727998643,
"OECD","HRWKD","TOT","HR_WKD","A","2008",1787.52476160556,
"OECD","HRWKD","TOT","HR_WKD","A","2009",1753.16576951907,
"OECD","HRWKD","TOT","HR_WKD","A","2010",1772.45056546557,
"OECD","HRWKD","TOT","HR_WKD","A","2011",1771.50544732164,
"OECD","HRWKD","TOT","HR_WKD","A","2012",1769.97312824978,
"OECD","HRWKD","TOT","HR_WKD","A","2013",1765.55094881271,
"OECD","HRWKD","TOT","HR_WKD","A","2014",1768.37972855092,
"OECD","HRWKD","TOT","HR_WKD","A","2015",1767.09851233724,
"OECD","HRWKD","TOT","HR_WKD","A","2016",1765.38008852896,
"OECD","HRWKD","TOT","HR_WKD","A","2017",1757.35685259491,
"OECD","HRWKD","TOT","HR_WKD","A","2018",1752.53065440909,
"OECD","HRWKD","TOT","HR_WKD","A","2019",1741.93150664584,
"OECD","HRWKD","TOT","HR_WKD","A","2020",1667.98761120338,
"OECD","HRWKD","TOT","HR_WKD","A","2021",1715.81774145285,
"LVA","HRWKD","TOT","HR_WKD","A","1995",1867.14728530109,
"LVA","HRWKD","TOT","HR_WKD","A","1996",1865.49599297623,
"LVA","HRWKD","TOT","HR_WKD","A","1997",1861.20988773918,
"LVA","HRWKD","TOT","HR_WKD","A","1998",1860.04230010733,
"LVA","HRWKD","TOT","HR_WKD","A","1999",1861.48667794604,
"LVA","HRWKD","TOT","HR_WKD","A","2000",1864.64714182025,
"LVA","HRWKD","TOT","HR_WKD","A","2001",1872.52116783174,
"LVA","HRWKD","TOT","HR_WKD","A","2002",1841.68175321998,
"LVA","HRWKD","TOT","HR_WKD","A","2003",1835.99985925491,
"LVA","HRWKD","TOT","HR_WKD","A","2004",1802.15882237893,
"LVA","HRWKD","TOT","HR_WKD","A","2005",1842.13360460736,
"LVA","HRWKD","TOT","HR_WKD","A","2006",1829.00389600415,
"LVA","HRWKD","TOT","HR_WKD","A","2007",1793.6259227834,
"LVA","HRWKD","TOT","HR_WKD","A","2008",1751.08406506372,
"LVA","HRWKD","TOT","HR_WKD","A","2009",1707.33103845604,
"LVA","HRWKD","TOT","HR_WKD","A","2010",1692.39593161207,
"LVA","HRWKD","TOT","HR_WKD","A","2011",1707.03972138554,
"LVA","HRWKD","TOT","HR_WKD","A","2012",1691.63541143043,
"LVA","HRWKD","TOT","HR_WKD","A","2013",1685.92927524911,
"LVA","HRWKD","TOT","HR_WKD","A","2014",1695.3034247988,
"LVA","HRWKD","TOT","HR_WKD","A","2015",1663.1809081539,
"LVA","HRWKD","TOT","HR_WKD","A","2016",1663.83562339581,
"LVA","HRWKD","TOT","HR_WKD","A","2017",1649.86029054117,
"LVA","HRWKD","TOT","HR_WKD","A","2018",1661.30900321798,
"LVA","HRWKD","TOT","HR_WKD","A","2019",1631.03648732936,
"LVA","HRWKD","TOT","HR_WKD","A","2020",1576.93028785356,
"LVA","HRWKD","TOT","HR_WKD","A","2021",1601.20285053268,
"LTU","HRWKD","TOT","HR_WKD","A","1995",1527.03702167863,
"LTU","HRWKD","TOT","HR_WKD","A","1996",1524.99206594425,
"LTU","HRWKD","TOT","HR_WKD","A","1997",1529.97908978305,
"LTU","HRWKD","TOT","HR_WKD","A","1998",1571.39177145398,
"LTU","HRWKD","TOT","HR_WKD","A","1999",1524.0814923735,
"LTU","HRWKD","TOT","HR_WKD","A","2000",1630.22612368676,
"LTU","HRWKD","TOT","HR_WKD","A","2001",1616.9722659282,
"LTU","HRWKD","TOT","HR_WKD","A","2002",1591.32786095377,
"LTU","HRWKD","TOT","HR_WKD","A","2003",1576.94397580088,
"LTU","HRWKD","TOT","HR_WKD","A","2004",1658.77110558846,
"LTU","HRWKD","TOT","HR_WKD","A","2005",1659.14619814232,
"LTU","HRWKD","TOT","HR_WKD","A","2006",1654.9398713045,
"LTU","HRWKD","TOT","HR_WKD","A","2007",1681.03384640719,
"LTU","HRWKD","TOT","HR_WKD","A","2008",1707.34976351776,
"LTU","HRWKD","TOT","HR_WKD","A","2009",1644.99276125303,
"LTU","HRWKD","TOT","HR_WKD","A","2010",1696.68334963883,
"LTU","HRWKD","TOT","HR_WKD","A","2011",1674.21813177886,
"LTU","HRWKD","TOT","HR_WKD","A","2012",1672.25423091727,
"LTU","HRWKD","TOT","HR_WKD","A","2013",1657.48197881684,
"LTU","HRWKD","TOT","HR_WKD","A","2014",1649.89161888423,
"LTU","HRWKD","TOT","HR_WKD","A","2015",1673.20164604178,
"LTU","HRWKD","TOT","HR_WKD","A","2016",1694.33100105012,
"LTU","HRWKD","TOT","HR_WKD","A","2017",1656.89891288405,
"LTU","HRWKD","TOT","HR_WKD","A","2018",1664.02142625743,
"LTU","HRWKD","TOT","HR_WKD","A","2019",1665.38172630321,
"LTU","HRWKD","TOT","HR_WKD","A","2020",1594.92569904759,
"LTU","HRWKD","TOT","HR_WKD","A","2021",1619.97786313746,
"CRI","HRWKD","TOT","HR_WKD","A","1987",2366,
"CRI","HRWKD","TOT","HR_WKD","A","1988",2346,
"CRI","HRWKD","TOT","HR_WKD","A","1989",2307,
"CRI","HRWKD","TOT","HR_WKD","A","1990",2358,
"CRI","HRWKD","TOT","HR_WKD","A","1991",2272,
"CRI","HRWKD","TOT","HR_WKD","A","1992",2359,
"CRI","HRWKD","TOT","HR_WKD","A","1993",2346,
"CRI","HRWKD","TOT","HR_WKD","A","1994",2370,
"CRI","HRWKD","TOT","HR_WKD","A","1995",2345,
"CRI","HRWKD","TOT","HR_WKD","A","1996",2387,
"CRI","HRWKD","TOT","HR_WKD","A","1997",2365,
"CRI","HRWKD","TOT","HR_WKD","A","1998",2356,
"CRI","HRWKD","TOT","HR_WKD","A","1999",2370,
"CRI","HRWKD","TOT","HR_WKD","A","2000",2362,
"CRI","HRWKD","TOT","HR_WKD","A","2001",2329,
"CRI","HRWKD","TOT","HR_WKD","A","2002",2357,
"CRI","HRWKD","TOT","HR_WKD","A","2003",2350,
"CRI","HRWKD","TOT","HR_WKD","A","2004",2369,
"CRI","HRWKD","TOT","HR_WKD","A","2005",2352,
"CRI","HRWKD","TOT","HR_WKD","A","2006",2360,
"CRI","HRWKD","TOT","HR_WKD","A","2007",2387,
"CRI","HRWKD","TOT","HR_WKD","A","2008",2392,
"CRI","HRWKD","TOT","HR_WKD","A","2009",2348,
"CRI","HRWKD","TOT","HR_WKD","A","2010",2243.1,
"CRI","HRWKD","TOT","HR_WKD","A","2011",2285.3,
"CRI","HRWKD","TOT","HR_WKD","A","2012",2233.4,
"CRI","HRWKD","TOT","HR_WKD","A","2013",2140.6,
"CRI","HRWKD","TOT","HR_WKD","A","2014",2121.7,
"CRI","HRWKD","TOT","HR_WKD","A","2015",2148.2,
"CRI","HRWKD","TOT","HR_WKD","A","2016",2204.7,
"CRI","HRWKD","TOT","HR_WKD","A","2017",2178.9,
"CRI","HRWKD","TOT","HR_WKD","A","2018",2121,
"CRI","HRWKD","TOT","HR_WKD","A","2019",2059.6,
"CRI","HRWKD","TOT","HR_WKD","A","2020",1913.2,
"CRI","HRWKD","TOT","HR_WKD","A","2021",2073.3,
"BGR","HRWKD","TOT","HR_WKD","A","1995",1710.67442474483,
"BGR","HRWKD","TOT","HR_WKD","A","1996",1708.20442514694,
"BGR","HRWKD","TOT","HR_WKD","A","1997",1706.8655223844,
"BGR","HRWKD","TOT","HR_WKD","A","1998",1649.98239577245,
"BGR","HRWKD","TOT","HR_WKD","A","1999",1669.50238762923,
"BGR","HRWKD","TOT","HR_WKD","A","2000",1640.25629824694,
"BGR","HRWKD","TOT","HR_WKD","A","2001",1651.8589372702,
"BGR","HRWKD","TOT","HR_WKD","A","2002",1651.25993174057,
"BGR","HRWKD","TOT","HR_WKD","A","2003",1640.51106442113,
"BGR","HRWKD","TOT","HR_WKD","A","2004",1663.69110843731,
"BGR","HRWKD","TOT","HR_WKD","A","2005",1658.64734835784,
"BGR","HRWKD","TOT","HR_WKD","A","2006",1654.10175186224,
"BGR","HRWKD","TOT","HR_WKD","A","2007",1654.52049001514,
"BGR","HRWKD","TOT","HR_WKD","A","2008",1693.59733679158,
"BGR","HRWKD","TOT","HR_WKD","A","2009",1646.27750017003,
"BGR","HRWKD","TOT","HR_WKD","A","2010",1644.84022103924,
"BGR","HRWKD","TOT","HR_WKD","A","2011",1643.59186642728,
"BGR","HRWKD","TOT","HR_WKD","A","2012",1644.44840854931,
"BGR","HRWKD","TOT","HR_WKD","A","2013",1644.98095468844,
"BGR","HRWKD","TOT","HR_WKD","A","2014",1644.06136571772,
"BGR","HRWKD","TOT","HR_WKD","A","2015",1644.38337259381,
"BGR","HRWKD","TOT","HR_WKD","A","2016",1643.54885606322,
"BGR","HRWKD","TOT","HR_WKD","A","2017",1643.25718396347,
"BGR","HRWKD","TOT","HR_WKD","A","2018",1644.57156324894,
"BGR","HRWKD","TOT","HR_WKD","A","2019",1645.2473951332,
"BGR","HRWKD","TOT","HR_WKD","A","2020",1604.8252709355,
"BGR","HRWKD","TOT","HR_WKD","A","2021",1619.42210999335,
"COL","HRWKD","TOT","HR_WKD","A","2015",2325.31923235261,
"COL","HRWKD","TOT","HR_WKD","A","2016",2315.43029086157,
"COL","HRWKD","TOT","HR_WKD","A","2017",2284.49982084282,
"COL","HRWKD","TOT","HR_WKD","A","2018",2283.32583906224,
"COL","HRWKD","TOT","HR_WKD","A","2019",2272.19292798403,
"COL","HRWKD","TOT","HR_WKD","A","2020",1963.97052431593,
"HRV","HRWKD","TOT","HR_WKD","A","1995",1923.25535247438,
"HRV","HRWKD","TOT","HR_WKD","A","1996",1923.20182348665,
"HRV","HRWKD","TOT","HR_WKD","A","1997",1923.18884074111,
"HRV","HRWKD","TOT","HR_WKD","A","1998",1923.10468965028,
"HRV","HRWKD","TOT","HR_WKD","A","1999",1923.13490675259,
"HRV","HRWKD","TOT","HR_WKD","A","2000",1921.51382515696,
"HRV","HRWKD","TOT","HR_WKD","A","2001",1922.71542439725,
"HRV","HRWKD","TOT","HR_WKD","A","2002",1922.93273862254,
"HRV","HRWKD","TOT","HR_WKD","A","2003",1923.88798735597,
"HRV","HRWKD","TOT","HR_WKD","A","2004",1925.69003452129,
"HRV","HRWKD","TOT","HR_WKD","A","2005",1925.55821569454,
"HRV","HRWKD","TOT","HR_WKD","A","2006",1927.66973729103,
"HRV","HRWKD","TOT","HR_WKD","A","2007",1929.66419772979,
"HRV","HRWKD","TOT","HR_WKD","A","2008",1931.18047033449,
"HRV","HRWKD","TOT","HR_WKD","A","2009",1927.9633641166,
"HRV","HRWKD","TOT","HR_WKD","A","2010",1941.84365997169,
"HRV","HRWKD","TOT","HR_WKD","A","2011",1939.24579438553,
"HRV","HRWKD","TOT","HR_WKD","A","2012",1922.98514527829,
"HRV","HRWKD","TOT","HR_WKD","A","2013",1908.49243448724,
"HRV","HRWKD","TOT","HR_WKD","A","2014",1890.60591364246,
"HRV","HRWKD","TOT","HR_WKD","A","2015",1826.63684520909,
"HRV","HRWKD","TOT","HR_WKD","A","2016",1834.40560887834,
"HRV","HRWKD","TOT","HR_WKD","A","2017",1823.59825248009,
"HRV","HRWKD","TOT","HR_WKD","A","2018",1811.05942329525,
"HRV","HRWKD","TOT","HR_WKD","A","2019",1837.76552771773,
"HRV","HRWKD","TOT","HR_WKD","A","2020",1833.62169962836,
"HRV","HRWKD","TOT","HR_WKD","A","2021",1835.00137127287,
"CYP","HRWKD","TOT","HR_WKD","A","1995",1899.56747989457,
"CYP","HRWKD","TOT","HR_WKD","A","1996",1898.56002904143,
"CYP","HRWKD","TOT","HR_WKD","A","1997",1906.3091956903,
"CYP","HRWKD","TOT","HR_WKD","A","1998",1912.51677499145,
"CYP","HRWKD","TOT","HR_WKD","A","1999",1919.72858540807,
"CYP","HRWKD","TOT","HR_WKD","A","2000",1926.36705595303,
"CYP","HRWKD","TOT","HR_WKD","A","2001",1950.88798430207,
"CYP","HRWKD","TOT","HR_WKD","A","2002",1923.2250066251,
"CYP","HRWKD","TOT","HR_WKD","A","2003",1916.0700371944,
"CYP","HRWKD","TOT","HR_WKD","A","2004",1878.56995398899,
"CYP","HRWKD","TOT","HR_WKD","A","2005",1847.31905789765,
"CYP","HRWKD","TOT","HR_WKD","A","2006",1832.91672359887,
"CYP","HRWKD","TOT","HR_WKD","A","2007",1862.07498133548,
"CYP","HRWKD","TOT","HR_WKD","A","2008",1867.70901484962,
"CYP","HRWKD","TOT","HR_WKD","A","2009",1847.09012667134,
"CYP","HRWKD","TOT","HR_WKD","A","2010",1845.00588469929,
"CYP","HRWKD","TOT","HR_WKD","A","2011",1847.25632513554,
"CYP","HRWKD","TOT","HR_WKD","A","2012",1845.2640073725,
"CYP","HRWKD","TOT","HR_WKD","A","2013",1810.28885149711,
"CYP","HRWKD","TOT","HR_WKD","A","2014",1815.43935345575,
"CYP","HRWKD","TOT","HR_WKD","A","2015",1824.34566817567,
"CYP","HRWKD","TOT","HR_WKD","A","2016",1839.68491462771,
"CYP","HRWKD","TOT","HR_WKD","A","2017",1821.47690569467,
"CYP","HRWKD","TOT","HR_WKD","A","2018",1809.12467387731,
"CYP","HRWKD","TOT","HR_WKD","A","2019",1809.14361966208,
"CYP","HRWKD","TOT","HR_WKD","A","2020",1701.47059487731,
"CYP","HRWKD","TOT","HR_WKD","A","2021",1745.30859816963,
"MLT","HRWKD","TOT","HR_WKD","A","1995",2091.65838303512,
"MLT","HRWKD","TOT","HR_WKD","A","1996",2119.11526801615,
"MLT","HRWKD","TOT","HR_WKD","A","1997",2141.72694547451,
"MLT","HRWKD","TOT","HR_WKD","A","1998",2164.44646726763,
"MLT","HRWKD","TOT","HR_WKD","A","1999",2183.43838149353,
"MLT","HRWKD","TOT","HR_WKD","A","2000",2245.51577164246,
"MLT","HRWKD","TOT","HR_WKD","A","2001",2155.85313464895,
"MLT","HRWKD","TOT","HR_WKD","A","2002",2216.89771274424,
"MLT","HRWKD","TOT","HR_WKD","A","2003",2196.70611002479,
"MLT","HRWKD","TOT","HR_WKD","A","2004",2098.02438224287,
"MLT","HRWKD","TOT","HR_WKD","A","2005",2167.37516445302,
"MLT","HRWKD","TOT","HR_WKD","A","2006",2174.76385903199,
"MLT","HRWKD","TOT","HR_WKD","A","2007",2170.58205103699,
"MLT","HRWKD","TOT","HR_WKD","A","2008",2184.08216777785,
"MLT","HRWKD","TOT","HR_WKD","A","2009",2189.78646227997,
"MLT","HRWKD","TOT","HR_WKD","A","2010",2136.06891667481,
"MLT","HRWKD","TOT","HR_WKD","A","2011",2068.53360851155,
"MLT","HRWKD","TOT","HR_WKD","A","2012",2037.20755805568,
"MLT","HRWKD","TOT","HR_WKD","A","2013",2003.92059416328,
"MLT","HRWKD","TOT","HR_WKD","A","2014",1945.30530238756,
"MLT","HRWKD","TOT","HR_WKD","A","2015",1934.03777294109,
"MLT","HRWKD","TOT","HR_WKD","A","2016",2011.7878475304,
"MLT","HRWKD","TOT","HR_WKD","A","2017",1942.87060120071,
"MLT","HRWKD","TOT","HR_WKD","A","2018",1972.17961291188,
"MLT","HRWKD","TOT","HR_WKD","A","2019",2062.89849325932,
"MLT","HRWKD","TOT","HR_WKD","A","2020",1902.34049449023,
"MLT","HRWKD","TOT","HR_WKD","A","2021",1882.24120114279,
"ROU","HRWKD","TOT","HR_WKD","A","1995",1822.64540563805,
"ROU","HRWKD","TOT","HR_WKD","A","1996",1861.46354704354,
"ROU","HRWKD","TOT","HR_WKD","A","1997",1860.52391920155,
"ROU","HRWKD","TOT","HR_WKD","A","1998",1859.14932530186,
"ROU","HRWKD","TOT","HR_WKD","A","1999",1850.04467781309,
"ROU","HRWKD","TOT","HR_WKD","A","2000",1852.99899736344,
"ROU","HRWKD","TOT","HR_WKD","A","2001",1852.48045940341,
"ROU","HRWKD","TOT","HR_WKD","A","2002",1867.17617689761,
"ROU","HRWKD","TOT","HR_WKD","A","2003",1837.05989926223,
"ROU","HRWKD","TOT","HR_WKD","A","2004",1886.58057142857,
"ROU","HRWKD","TOT","HR_WKD","A","2005",1876.98790497798,
"ROU","HRWKD","TOT","HR_WKD","A","2006",1836.08042962515,
"ROU","HRWKD","TOT","HR_WKD","A","2007",1839.93495235777,
"ROU","HRWKD","TOT","HR_WKD","A","2008",1835.24622480936,
"ROU","HRWKD","TOT","HR_WKD","A","2009",1815.49308426637,
"ROU","HRWKD","TOT","HR_WKD","A","2010",1840.67953765308,
"ROU","HRWKD","TOT","HR_WKD","A","2011",1849.27141548032,
"ROU","HRWKD","TOT","HR_WKD","A","2012",1811.54280360427,
"ROU","HRWKD","TOT","HR_WKD","A","2013",1806.45692813966,
"ROU","HRWKD","TOT","HR_WKD","A","2014",1792.53352789938,
"ROU","HRWKD","TOT","HR_WKD","A","2015",1785.67108859097,
"ROU","HRWKD","TOT","HR_WKD","A","2016",1809.02842365,
"ROU","HRWKD","TOT","HR_WKD","A","2017",1785.83814158267,
"ROU","HRWKD","TOT","HR_WKD","A","2018",1786.98268278002,
"ROU","HRWKD","TOT","HR_WKD","A","2019",1803.11220301752,
"ROU","HRWKD","TOT","HR_WKD","A","2020",1806.34627835525,
"ROU","HRWKD","TOT","HR_WKD","A","2021",1838.42642611595,
"EU27","HRWKD","TOT","HR_WKD","A","1995",1701.45914440919,
"EU27","HRWKD","TOT","HR_WKD","A","1996",1702.84374245079,
"EU27","HRWKD","TOT","HR_WKD","A","1997",1700.13059930866,
"EU27","HRWKD","TOT","HR_WKD","A","1998",1696.88702180461,
"EU27","HRWKD","TOT","HR_WKD","A","1999",1690.88374408006,
"EU27","HRWKD","TOT","HR_WKD","A","2000",1677.45032416489,
"EU27","HRWKD","TOT","HR_WKD","A","2001",1667.40051213377,
"EU27","HRWKD","TOT","HR_WKD","A","2002",1656.12225704371,
"EU27","HRWKD","TOT","HR_WKD","A","2003",1650.11527692048,
"EU27","HRWKD","TOT","HR_WKD","A","2004",1657.40302482333,
"EU27","HRWKD","TOT","HR_WKD","A","2005",1652.58217253362,
"EU27","HRWKD","TOT","HR_WKD","A","2006",1650.92353037643,
"EU27","HRWKD","TOT","HR_WKD","A","2007",1652.63679742098,
"EU27","HRWKD","TOT","HR_WKD","A","2008",1650.88522276201,
"EU27","HRWKD","TOT","HR_WKD","A","2009",1627.46112274167,
"EU27","HRWKD","TOT","HR_WKD","A","2010",1631.74257033212,
"EU27","HRWKD","TOT","HR_WKD","A","2011",1631.59974294038,
"EU27","HRWKD","TOT","HR_WKD","A","2012",1614.73925271384,
"EU27","HRWKD","TOT","HR_WKD","A","2013",1605.3196445238,
"EU27","HRWKD","TOT","HR_WKD","A","2014",1604.72771527569,
"EU27","HRWKD","TOT","HR_WKD","A","2015",1604.00233962912,
"EU27","HRWKD","TOT","HR_WKD","A","2016",1607.9348858938,
"EU27","HRWKD","TOT","HR_WKD","A","2017",1599.09847066185,
"EU27","HRWKD","TOT","HR_WKD","A","2018",1597.67756876298,
"EU27","HRWKD","TOT","HR_WKD","A","2019",1593.67765719461,
"EU27","HRWKD","TOT","HR_WKD","A","2020",1511.50849439117,
"EU27","HRWKD","TOT","HR_WKD","A","2021",1565.55125172185,
